{
"meta":{"test_sets":[],"test_metrics":[],"learn_metrics":[{"best_value":"Min","name":"RMSE"}],"launch_mode":"Train","parameters":"","iteration_count":1000,"learn_sets":["learn"],"name":"experiment"},
"iterations":[
{"learn":[14.59871775],"iteration":0,"passed_time":0.1620894314,"remaining_time":161.9273419},
{"learn":[14.22518863],"iteration":1,"passed_time":0.164453707,"remaining_time":82.06239977},
{"learn":[13.8866124],"iteration":2,"passed_time":0.166768958,"remaining_time":55.4228837},
{"learn":[13.52356875],"iteration":3,"passed_time":0.1703227557,"remaining_time":42.41036618},
{"learn":[13.18870211],"iteration":4,"passed_time":0.1742485281,"remaining_time":34.67545708},
{"learn":[12.9124226],"iteration":5,"passed_time":0.176903527,"remaining_time":29.30701763},
{"learn":[12.60003351],"iteration":6,"passed_time":0.1796787278,"remaining_time":25.48871096},
{"learn":[12.32990573],"iteration":7,"passed_time":0.1825891718,"remaining_time":22.6410573},
{"learn":[12.0660619],"iteration":8,"passed_time":0.185307399,"remaining_time":20.4044036},
{"learn":[11.77309809],"iteration":9,"passed_time":0.1879430592,"remaining_time":18.60636286},
{"learn":[11.49227636],"iteration":10,"passed_time":0.1902457435,"remaining_time":17.10482185},
{"learn":[11.26264833],"iteration":11,"passed_time":0.1926869099,"remaining_time":15.86455558},
{"learn":[11.04260393],"iteration":12,"passed_time":0.1959089514,"remaining_time":14.87401039},
{"learn":[10.79916926],"iteration":13,"passed_time":0.1992250567,"remaining_time":14.03113614},
{"learn":[10.5541002],"iteration":14,"passed_time":0.2028755545,"remaining_time":13.32216142},
{"learn":[10.31918115],"iteration":15,"passed_time":0.2056704346,"remaining_time":12.64873173},
{"learn":[10.10004441],"iteration":16,"passed_time":0.2085404995,"remaining_time":12.05854771},
{"learn":[9.894556723],"iteration":17,"passed_time":0.2107754403,"remaining_time":11.49897124},
{"learn":[9.690174082],"iteration":18,"passed_time":0.2138214987,"remaining_time":11.03994159},
{"learn":[9.506034866],"iteration":19,"passed_time":0.2160663335,"remaining_time":10.58725034},
{"learn":[9.338524633],"iteration":20,"passed_time":0.218256238,"remaining_time":10.17489795},
{"learn":[9.170203312],"iteration":21,"passed_time":0.2225939775,"remaining_time":9.89531409},
{"learn":[9.010299969],"iteration":22,"passed_time":0.2253188214,"remaining_time":9.571151674},
{"learn":[8.843866678],"iteration":23,"passed_time":0.2281584014,"remaining_time":9.278441656},
{"learn":[8.690548059],"iteration":24,"passed_time":0.2310977,"remaining_time":9.012810301},
{"learn":[8.555307687],"iteration":25,"passed_time":0.2336742159,"remaining_time":8.753795626},
{"learn":[8.413851302],"iteration":26,"passed_time":0.235715282,"remaining_time":8.494480346},
{"learn":[8.29256019],"iteration":27,"passed_time":0.2381999548,"remaining_time":8.268941288},
{"learn":[8.162193833],"iteration":28,"passed_time":0.2404923741,"remaining_time":8.052348113},
{"learn":[8.040736294],"iteration":29,"passed_time":0.2429522491,"remaining_time":7.855456053},
{"learn":[7.921220278],"iteration":30,"passed_time":0.2455459988,"remaining_time":7.675292674},
{"learn":[7.809589039],"iteration":31,"passed_time":0.2487381016,"remaining_time":7.524327574},
{"learn":[7.699675801],"iteration":32,"passed_time":0.250810057,"remaining_time":7.349494701},
{"learn":[7.60645267],"iteration":33,"passed_time":0.2530266255,"remaining_time":7.188932947},
{"learn":[7.498880302],"iteration":34,"passed_time":0.254784826,"remaining_time":7.02478163},
{"learn":[7.401158744],"iteration":35,"passed_time":0.2569456124,"remaining_time":6.880432511},
{"learn":[7.306431077],"iteration":36,"passed_time":0.2587804295,"remaining_time":6.735285233},
{"learn":[7.223863468],"iteration":37,"passed_time":0.26056652,"remaining_time":6.596447163},
{"learn":[7.143477682],"iteration":38,"passed_time":0.2625093762,"remaining_time":6.46850027},
{"learn":[7.062817131],"iteration":39,"passed_time":0.2643699626,"remaining_time":6.344879103},
{"learn":[6.990793435],"iteration":40,"passed_time":0.2659922307,"remaining_time":6.221623151},
{"learn":[6.931862224],"iteration":41,"passed_time":0.2675466863,"remaining_time":6.10261251},
{"learn":[6.858296558],"iteration":42,"passed_time":0.2692782945,"remaining_time":5.993007625},
{"learn":[6.786268161],"iteration":43,"passed_time":0.2709967465,"remaining_time":5.88802022},
{"learn":[6.717118549],"iteration":44,"passed_time":0.2728913948,"remaining_time":5.791361823},
{"learn":[6.652948106],"iteration":45,"passed_time":0.2748218091,"remaining_time":5.699565346},
{"learn":[6.589686076],"iteration":46,"passed_time":0.2765182648,"remaining_time":5.606849071},
{"learn":[6.531283097],"iteration":47,"passed_time":0.2785513116,"remaining_time":5.524601014},
{"learn":[6.471368031],"iteration":48,"passed_time":0.28088837,"remaining_time":5.451527343},
{"learn":[6.416481395],"iteration":49,"passed_time":0.2829768332,"remaining_time":5.376559831},
{"learn":[6.369870822],"iteration":50,"passed_time":0.2853681847,"remaining_time":5.310086416},
{"learn":[6.325678067],"iteration":51,"passed_time":0.2875446945,"remaining_time":5.24216097},
{"learn":[6.275766122],"iteration":52,"passed_time":0.2899064761,"remaining_time":5.180027035},
{"learn":[6.224773967],"iteration":53,"passed_time":0.292134563,"remaining_time":5.117764752},
{"learn":[6.182249254],"iteration":54,"passed_time":0.2942091556,"remaining_time":5.055048219},
{"learn":[6.139904173],"iteration":55,"passed_time":0.2962048445,"remaining_time":4.993167379},
{"learn":[6.100525536],"iteration":56,"passed_time":0.297994433,"remaining_time":4.929978075},
{"learn":[6.062568564],"iteration":57,"passed_time":0.2995911904,"remaining_time":4.865774161},
{"learn":[6.030559288],"iteration":58,"passed_time":0.3022084416,"remaining_time":4.819968535},
{"learn":[5.997931376],"iteration":59,"passed_time":0.3042762197,"remaining_time":4.766994108},
{"learn":[5.964103835],"iteration":60,"passed_time":0.3061335818,"remaining_time":4.712449726},
{"learn":[5.933729724],"iteration":61,"passed_time":0.3077992458,"remaining_time":4.656704718},
{"learn":[5.901932711],"iteration":62,"passed_time":0.3096687473,"remaining_time":4.605708194},
{"learn":[5.873727795],"iteration":63,"passed_time":0.311867281,"remaining_time":4.561058985},
{"learn":[5.846485734],"iteration":64,"passed_time":0.3144471213,"remaining_time":4.523200899},
{"learn":[5.820630862],"iteration":65,"passed_time":0.3166643641,"remaining_time":4.481280546},
{"learn":[5.793646238],"iteration":66,"passed_time":0.3185078772,"remaining_time":4.435341036},
{"learn":[5.765388646],"iteration":67,"passed_time":0.321016808,"remaining_time":4.399818604},
{"learn":[5.747073912],"iteration":68,"passed_time":0.3227579916,"remaining_time":4.35489406},
{"learn":[5.722315217],"iteration":69,"passed_time":0.3245935226,"remaining_time":4.3124568},
{"learn":[5.699970599],"iteration":70,"passed_time":0.3265367385,"remaining_time":4.272572255},
{"learn":[5.682732647],"iteration":71,"passed_time":0.3285907903,"remaining_time":4.235170185},
{"learn":[5.663525791],"iteration":72,"passed_time":0.3305509606,"remaining_time":4.19754439},
{"learn":[5.642381613],"iteration":73,"passed_time":0.3322430569,"remaining_time":4.157527983},
{"learn":[5.621404779],"iteration":74,"passed_time":0.3339804537,"remaining_time":4.119092262},
{"learn":[5.602460129],"iteration":75,"passed_time":0.3359041532,"remaining_time":4.083887336},
{"learn":[5.587337574],"iteration":76,"passed_time":0.3377431122,"remaining_time":4.048531072},
{"learn":[5.572393026],"iteration":77,"passed_time":0.3397700125,"remaining_time":4.016255789},
{"learn":[5.558425806],"iteration":78,"passed_time":0.3418520059,"remaining_time":3.985388575},
{"learn":[5.541518902],"iteration":79,"passed_time":0.3443544368,"remaining_time":3.960076023},
{"learn":[5.526157283],"iteration":80,"passed_time":0.3461884761,"remaining_time":3.927743327},
{"learn":[5.511746977],"iteration":81,"passed_time":0.347980534,"remaining_time":3.895684515},
{"learn":[5.504975022],"iteration":82,"passed_time":0.3488353431,"remaining_time":3.854000116},
{"learn":[5.493980522],"iteration":83,"passed_time":0.3508487871,"remaining_time":3.825922488},
{"learn":[5.480745463],"iteration":84,"passed_time":0.3524417891,"remaining_time":3.7939322},
{"learn":[5.464052013],"iteration":85,"passed_time":0.3540639494,"remaining_time":3.762958718},
{"learn":[5.449143727],"iteration":86,"passed_time":0.3557657805,"remaining_time":3.733496064},
{"learn":[5.438255432],"iteration":87,"passed_time":0.3573467619,"remaining_time":3.703411896},
{"learn":[5.425927931],"iteration":88,"passed_time":0.3590439403,"remaining_time":3.675157636},
{"learn":[5.412331217],"iteration":89,"passed_time":0.3606412172,"remaining_time":3.646483419},
{"learn":[5.400691499],"iteration":90,"passed_time":0.3622880775,"remaining_time":3.618899587},
{"learn":[5.391618744],"iteration":91,"passed_time":0.3639573951,"remaining_time":3.592101247},
{"learn":[5.380766572],"iteration":92,"passed_time":0.3655550589,"remaining_time":3.565144499},
{"learn":[5.372207183],"iteration":93,"passed_time":0.3677814212,"remaining_time":3.54478689},
{"learn":[5.362918837],"iteration":94,"passed_time":0.369661706,"remaining_time":3.521514147},
{"learn":[5.348292324],"iteration":95,"passed_time":0.3713239713,"remaining_time":3.496634063},
{"learn":[5.339772295],"iteration":96,"passed_time":0.3733018395,"remaining_time":3.475170733},
{"learn":[5.331515983],"iteration":97,"passed_time":0.3749252901,"remaining_time":3.450842977},
{"learn":[5.323861644],"iteration":98,"passed_time":0.3764967201,"remaining_time":3.426500453},
{"learn":[5.313277281],"iteration":99,"passed_time":0.3781250721,"remaining_time":3.403125649},
{"learn":[5.30685627],"iteration":100,"passed_time":0.3798582806,"remaining_time":3.381114795},
{"learn":[5.29652059],"iteration":101,"passed_time":0.3814677896,"remaining_time":3.358412501},
{"learn":[5.288350766],"iteration":102,"passed_time":0.3832414652,"remaining_time":3.337549459},
{"learn":[5.27993346],"iteration":103,"passed_time":0.3849961689,"remaining_time":3.316890071},
{"learn":[5.271789139],"iteration":104,"passed_time":0.3866859603,"remaining_time":3.296037471},
{"learn":[5.262684686],"iteration":105,"passed_time":0.3884525405,"remaining_time":3.276194068},
{"learn":[5.251619772],"iteration":106,"passed_time":0.3901359137,"remaining_time":3.255994121},
{"learn":[5.241012171],"iteration":107,"passed_time":0.3917664,"remaining_time":3.235700267},
{"learn":[5.232684032],"iteration":108,"passed_time":0.3934432341,"remaining_time":3.216127721},
{"learn":[5.224267141],"iteration":109,"passed_time":0.3949347197,"remaining_time":3.195380914},
{"learn":[5.216324968],"iteration":110,"passed_time":0.3965439842,"remaining_time":3.175924342},
{"learn":[5.211102527],"iteration":111,"passed_time":0.3980625402,"remaining_time":3.156067283},
{"learn":[5.206364257],"iteration":112,"passed_time":0.3996742332,"remaining_time":3.137265884},
{"learn":[5.196937641],"iteration":113,"passed_time":0.4013293109,"remaining_time":3.119103241},
{"learn":[5.190746047],"iteration":114,"passed_time":0.4029926047,"remaining_time":3.101290915},
{"learn":[5.181885213],"iteration":115,"passed_time":0.4045364164,"remaining_time":3.082846484},
{"learn":[5.178293568],"iteration":116,"passed_time":0.4057565846,"remaining_time":3.062248412},
{"learn":[5.170991438],"iteration":117,"passed_time":0.4073517818,"remaining_time":3.044781962},
{"learn":[5.166257212],"iteration":118,"passed_time":0.4091854397,"remaining_time":3.029347667},
{"learn":[5.161421246],"iteration":119,"passed_time":0.4107532077,"remaining_time":3.01219019},
{"learn":[5.158223542],"iteration":120,"passed_time":0.4122949659,"remaining_time":2.995101447},
{"learn":[5.15470988],"iteration":121,"passed_time":0.4136521173,"remaining_time":2.976939008},
{"learn":[5.146388143],"iteration":122,"passed_time":0.4153751101,"remaining_time":2.961658305},
{"learn":[5.139529364],"iteration":123,"passed_time":0.41693167,"remaining_time":2.945420507},
{"learn":[5.134276023],"iteration":124,"passed_time":0.4186052192,"remaining_time":2.930236535},
{"learn":[5.128536065],"iteration":125,"passed_time":0.4201105447,"remaining_time":2.914100127},
{"learn":[5.123300353],"iteration":126,"passed_time":0.4214944122,"remaining_time":2.897359227},
{"learn":[5.116200518],"iteration":127,"passed_time":0.4236009535,"remaining_time":2.885781496},
{"learn":[5.108728704],"iteration":128,"passed_time":0.42524552,"remaining_time":2.871231379},
{"learn":[5.104075866],"iteration":129,"passed_time":0.4272759601,"remaining_time":2.859462195},
{"learn":[5.100317606],"iteration":130,"passed_time":0.4291110188,"remaining_time":2.846545613},
{"learn":[5.095814182],"iteration":131,"passed_time":0.4307764887,"remaining_time":2.832681759},
{"learn":[5.092146915],"iteration":132,"passed_time":0.4326195958,"remaining_time":2.82015932},
{"learn":[5.085258329],"iteration":133,"passed_time":0.4340870952,"remaining_time":2.805368839},
{"learn":[5.079219421],"iteration":134,"passed_time":0.4363801729,"remaining_time":2.796065553},
{"learn":[5.076476829],"iteration":135,"passed_time":0.4380469414,"remaining_time":2.782886452},
{"learn":[5.072133867],"iteration":136,"passed_time":0.4395631674,"remaining_time":2.768927106},
{"learn":[5.067031564],"iteration":137,"passed_time":0.4412903046,"remaining_time":2.756465526},
{"learn":[5.061358312],"iteration":138,"passed_time":0.4429459122,"remaining_time":2.743715327},
{"learn":[5.056759124],"iteration":139,"passed_time":0.4451393618,"remaining_time":2.734427508},
{"learn":[5.050254],"iteration":140,"passed_time":0.4477966917,"remaining_time":2.72806637},
{"learn":[5.048376474],"iteration":141,"passed_time":0.4489450495,"remaining_time":2.712639806},
{"learn":[5.042603751],"iteration":142,"passed_time":0.4521147036,"remaining_time":2.70952658},
{"learn":[5.037477349],"iteration":143,"passed_time":0.4550393354,"remaining_time":2.704956049},
{"learn":[5.03230489],"iteration":144,"passed_time":0.4569609535,"remaining_time":2.694493898},
{"learn":[5.025976187],"iteration":145,"passed_time":0.4589419985,"remaining_time":2.684496347},
{"learn":[5.01952451],"iteration":146,"passed_time":0.4615746306,"remaining_time":2.678388843},
{"learn":[5.017569424],"iteration":147,"passed_time":0.4641025099,"remaining_time":2.67172526},
{"learn":[5.008962367],"iteration":148,"passed_time":0.4659741274,"remaining_time":2.66136901},
{"learn":[5.003880266],"iteration":149,"passed_time":0.4679564535,"remaining_time":2.651753236},
{"learn":[4.996387564],"iteration":150,"passed_time":0.4698446043,"remaining_time":2.641709067},
{"learn":[4.993361683],"iteration":151,"passed_time":0.4718410761,"remaining_time":2.63237653},
{"learn":[4.99005752],"iteration":152,"passed_time":0.4736539936,"remaining_time":2.622123742},
{"learn":[4.986908764],"iteration":153,"passed_time":0.4755620281,"remaining_time":2.61250309},
{"learn":[4.985207175],"iteration":154,"passed_time":0.4791673262,"remaining_time":2.612234778},
{"learn":[4.979003494],"iteration":155,"passed_time":0.4819953321,"remaining_time":2.607718335},
{"learn":[4.973142217],"iteration":156,"passed_time":0.4848286321,"remaining_time":2.603251827},
{"learn":[4.967056696],"iteration":157,"passed_time":0.4867256522,"remaining_time":2.59381645},
{"learn":[4.961460696],"iteration":158,"passed_time":0.4892488455,"remaining_time":2.587787919},
{"learn":[4.954240363],"iteration":159,"passed_time":0.4914915371,"remaining_time":2.58033057},
{"learn":[4.952320707],"iteration":160,"passed_time":0.4932053857,"remaining_time":2.570182103},
{"learn":[4.948337777],"iteration":161,"passed_time":0.495058916,"remaining_time":2.560860319},
{"learn":[4.943228639],"iteration":162,"passed_time":0.4969875494,"remaining_time":2.552015821},
{"learn":[4.938545759],"iteration":163,"passed_time":0.4986519707,"remaining_time":2.541908826},
{"learn":[4.935330572],"iteration":164,"passed_time":0.5003529559,"remaining_time":2.532089201},
{"learn":[4.932051543],"iteration":165,"passed_time":0.5020831676,"remaining_time":2.522514227},
{"learn":[4.928964153],"iteration":166,"passed_time":0.5041859843,"remaining_time":2.514891766},
{"learn":[4.922860227],"iteration":167,"passed_time":0.5074477289,"remaining_time":2.513074467},
{"learn":[4.917668772],"iteration":168,"passed_time":0.5101800083,"remaining_time":2.508636609},
{"learn":[4.910365386],"iteration":169,"passed_time":0.5127862935,"remaining_time":2.503603668},
{"learn":[4.906457206],"iteration":170,"passed_time":0.5154620627,"remaining_time":2.498935965},
{"learn":[4.901996508],"iteration":171,"passed_time":0.5176206927,"remaining_time":2.49180194},
{"learn":[4.896816173],"iteration":172,"passed_time":0.5202783305,"remaining_time":2.487110863},
{"learn":[4.891123132],"iteration":173,"passed_time":0.5235317479,"remaining_time":2.485271401},
{"learn":[4.887630202],"iteration":174,"passed_time":0.5254480266,"remaining_time":2.477112125},
{"learn":[4.885259712],"iteration":175,"passed_time":0.5273515917,"remaining_time":2.46896427},
{"learn":[4.880659728],"iteration":176,"passed_time":0.5295132849,"remaining_time":2.462087195},
{"learn":[4.877299723],"iteration":177,"passed_time":0.5312571957,"remaining_time":2.453333792},
{"learn":[4.874038772],"iteration":178,"passed_time":0.5329938852,"remaining_time":2.444625585},
{"learn":[4.86943698],"iteration":179,"passed_time":0.5357098161,"remaining_time":2.440455829},
{"learn":[4.861268711],"iteration":180,"passed_time":0.538180007,"remaining_time":2.435190197},
{"learn":[4.858673056],"iteration":181,"passed_time":0.5406281289,"remaining_time":2.429856096},
{"learn":[4.854036207],"iteration":182,"passed_time":0.5431754157,"remaining_time":2.424996255},
{"learn":[4.85130244],"iteration":183,"passed_time":0.5451634276,"remaining_time":2.417681288},
{"learn":[4.847510084],"iteration":184,"passed_time":0.5476656135,"remaining_time":2.412689054},
{"learn":[4.845691673],"iteration":185,"passed_time":0.5500374318,"remaining_time":2.407153062},
{"learn":[4.842058646],"iteration":186,"passed_time":0.5529393233,"remaining_time":2.403955454},
{"learn":[4.838623675],"iteration":187,"passed_time":0.5559674105,"remaining_time":2.40130605},
{"learn":[4.834602161],"iteration":188,"passed_time":0.5578347038,"remaining_time":2.393671666},
{"learn":[4.830858976],"iteration":189,"passed_time":0.5598347003,"remaining_time":2.386663722},
{"learn":[4.827590511],"iteration":190,"passed_time":0.562055923,"remaining_time":2.380645245},
{"learn":[4.822246226],"iteration":191,"passed_time":0.565143082,"remaining_time":2.37831047},
{"learn":[4.816686395],"iteration":192,"passed_time":0.5675998298,"remaining_time":2.373331931},
{"learn":[4.814797121],"iteration":193,"passed_time":0.572678817,"remaining_time":2.379273848},
{"learn":[4.811639392],"iteration":194,"passed_time":0.5768976874,"remaining_time":2.381551992},
{"learn":[4.804813432],"iteration":195,"passed_time":0.579021224,"remaining_time":2.375168694},
{"learn":[4.80251613],"iteration":196,"passed_time":0.5835487105,"remaining_time":2.378627485},
{"learn":[4.800087884],"iteration":197,"passed_time":0.5860909007,"remaining_time":2.373964154},
{"learn":[4.794773135],"iteration":198,"passed_time":0.5886481722,"remaining_time":2.369382844},
{"learn":[4.791664833],"iteration":199,"passed_time":0.5913589097,"remaining_time":2.365435639},
{"learn":[4.785989873],"iteration":200,"passed_time":0.593671486,"remaining_time":2.359917996},
{"learn":[4.782387142],"iteration":201,"passed_time":0.5960460403,"remaining_time":2.354676932},
{"learn":[4.778623704],"iteration":202,"passed_time":0.5980418561,"remaining_time":2.347977139},
{"learn":[4.775772178],"iteration":203,"passed_time":0.6023250651,"remaining_time":2.350248783},
{"learn":[4.77023101],"iteration":204,"passed_time":0.6050251336,"remaining_time":2.346316982},
{"learn":[4.764496689],"iteration":205,"passed_time":0.6068908692,"remaining_time":2.339181311},
{"learn":[4.763138716],"iteration":206,"passed_time":0.6093075556,"remaining_time":2.334207206},
{"learn":[4.758053283],"iteration":207,"passed_time":0.6115765457,"remaining_time":2.328695309},
{"learn":[4.755063788],"iteration":208,"passed_time":0.6138024945,"remaining_time":2.323051546},
{"learn":[4.752465267],"iteration":209,"passed_time":0.6154998381,"remaining_time":2.315451772},
{"learn":[4.748067377],"iteration":210,"passed_time":0.6181298017,"remaining_time":2.311395325},
{"learn":[4.744163298],"iteration":211,"passed_time":0.619833069,"remaining_time":2.303907822},
{"learn":[4.736670896],"iteration":212,"passed_time":0.6214753513,"remaining_time":2.296249303},
{"learn":[4.73349255],"iteration":213,"passed_time":0.6232171061,"remaining_time":2.289012362},
{"learn":[4.731864595],"iteration":214,"passed_time":0.6264747492,"remaining_time":2.287361294},
{"learn":[4.728398311],"iteration":215,"passed_time":0.6290129274,"remaining_time":2.283083959},
{"learn":[4.723865975],"iteration":216,"passed_time":0.6312388328,"remaining_time":2.277695881},
{"learn":[4.723483365],"iteration":217,"passed_time":0.633494566,"remaining_time":2.27244381},
{"learn":[4.72095416],"iteration":218,"passed_time":0.6354785202,"remaining_time":2.266249883},
{"learn":[4.716173382],"iteration":219,"passed_time":0.637207314,"remaining_time":2.259189568},
{"learn":[4.710563974],"iteration":220,"passed_time":0.6389081678,"remaining_time":2.252079017},
{"learn":[4.707160263],"iteration":221,"passed_time":0.6408734889,"remaining_time":2.245944029},
{"learn":[4.70408351],"iteration":222,"passed_time":0.6433667452,"remaining_time":2.241685924},
{"learn":[4.702501831],"iteration":223,"passed_time":0.6451204741,"remaining_time":2.234881643},
{"learn":[4.700269738],"iteration":224,"passed_time":0.6466024267,"remaining_time":2.227186136},
{"learn":[4.695346302],"iteration":225,"passed_time":0.6481380059,"remaining_time":2.219729277},
{"learn":[4.689769299],"iteration":226,"passed_time":0.6496559289,"remaining_time":2.212264463},
{"learn":[4.687919514],"iteration":227,"passed_time":0.6516836092,"remaining_time":2.206577835},
{"learn":[4.682982074],"iteration":228,"passed_time":0.6534728271,"remaining_time":2.200120304},
{"learn":[4.679578702],"iteration":229,"passed_time":0.6555662547,"remaining_time":2.194721809},
{"learn":[4.675751423],"iteration":230,"passed_time":0.6572745564,"remaining_time":2.188069844},
{"learn":[4.672710726],"iteration":231,"passed_time":0.6612965661,"remaining_time":2.189119667},
{"learn":[4.6690533],"iteration":232,"passed_time":0.6637833771,"remaining_time":2.185072318},
{"learn":[4.667595702],"iteration":233,"passed_time":0.6659289133,"remaining_time":2.179921144},
{"learn":[4.664241291],"iteration":234,"passed_time":0.6684353826,"remaining_time":2.175970501},
{"learn":[4.662246999],"iteration":235,"passed_time":0.6708542964,"remaining_time":2.171748655},
{"learn":[4.658668443],"iteration":236,"passed_time":0.6733567707,"remaining_time":2.167811038},
{"learn":[4.658017572],"iteration":237,"passed_time":0.6757341705,"remaining_time":2.163485033},
{"learn":[4.657656705],"iteration":238,"passed_time":0.6782760774,"remaining_time":2.159699142},
{"learn":[4.653242871],"iteration":239,"passed_time":0.680081391,"remaining_time":2.153591071},
{"learn":[4.6507302],"iteration":240,"passed_time":0.6819262189,"remaining_time":2.147643154},
{"learn":[4.647671336],"iteration":241,"passed_time":0.6837293447,"remaining_time":2.141598526},
{"learn":[4.645506007],"iteration":242,"passed_time":0.6886009667,"remaining_time":2.145147867},
{"learn":[4.641297906],"iteration":243,"passed_time":0.6913683758,"remaining_time":2.142108574},
{"learn":[4.63798107],"iteration":244,"passed_time":0.6942871719,"remaining_time":2.13953802},
{"learn":[4.635062318],"iteration":245,"passed_time":0.6963251218,"remaining_time":2.134264804},
{"learn":[4.631606017],"iteration":246,"passed_time":0.6983068386,"remaining_time":2.128846354},
{"learn":[4.630215494],"iteration":247,"passed_time":0.7007109491,"remaining_time":2.124736426},
{"learn":[4.62729814],"iteration":248,"passed_time":0.7159386138,"remaining_time":2.159316863},
{"learn":[4.624691756],"iteration":249,"passed_time":0.7184210772,"remaining_time":2.155263232},
{"learn":[4.621840053],"iteration":250,"passed_time":0.7224991534,"remaining_time":2.15598353},
{"learn":[4.619602091],"iteration":251,"passed_time":0.7256722008,"remaining_time":2.15397939},
{"learn":[4.613584029],"iteration":252,"passed_time":0.7277089656,"remaining_time":2.148611057},
{"learn":[4.6119388],"iteration":253,"passed_time":0.730072685,"remaining_time":2.144229224},
{"learn":[4.60870702],"iteration":254,"passed_time":0.7325515873,"remaining_time":2.140199736},
{"learn":[4.604771557],"iteration":255,"passed_time":0.7345794357,"remaining_time":2.134871485},
{"learn":[4.604231277],"iteration":256,"passed_time":0.7365572306,"remaining_time":2.129424211},
{"learn":[4.600750354],"iteration":257,"passed_time":0.7393852753,"remaining_time":2.126449125},
{"learn":[4.596488253],"iteration":258,"passed_time":0.7414032009,"remaining_time":2.12115742},
{"learn":[4.59470784],"iteration":259,"passed_time":0.7434722842,"remaining_time":2.116036501},
{"learn":[4.588818005],"iteration":260,"passed_time":0.7456997899,"remaining_time":2.111387528},
{"learn":[4.585054174],"iteration":261,"passed_time":0.7487728933,"remaining_time":2.109138913},
{"learn":[4.581471435],"iteration":262,"passed_time":0.75145605,"remaining_time":2.105791288},
{"learn":[4.577555199],"iteration":263,"passed_time":0.7539892417,"remaining_time":2.102030613},
{"learn":[4.57457145],"iteration":264,"passed_time":0.757048739,"remaining_time":2.099738955},
{"learn":[4.573029224],"iteration":265,"passed_time":0.7591857236,"remaining_time":2.094895944},
{"learn":[4.571326203],"iteration":266,"passed_time":0.7621465475,"remaining_time":2.092334904},
{"learn":[4.571019224],"iteration":267,"passed_time":0.764082136,"remaining_time":2.08697061},
{"learn":[4.565766631],"iteration":268,"passed_time":0.7661642855,"remaining_time":2.082030084},
{"learn":[4.563383471],"iteration":269,"passed_time":0.7679988822,"remaining_time":2.076441422},
{"learn":[4.558165805],"iteration":270,"passed_time":0.7702381705,"remaining_time":2.071969101},
{"learn":[4.55629209],"iteration":271,"passed_time":0.7733865315,"remaining_time":2.069946305},
{"learn":[4.549383848],"iteration":272,"passed_time":0.7760145326,"remaining_time":2.066529543},
{"learn":[4.546227503],"iteration":273,"passed_time":0.7783580207,"remaining_time":2.062364683},
{"learn":[4.540620977],"iteration":274,"passed_time":0.7809762838,"remaining_time":2.058937476},
{"learn":[4.532898237],"iteration":275,"passed_time":0.7841683499,"remaining_time":2.057021324},
{"learn":[4.529757367],"iteration":276,"passed_time":0.7861150213,"remaining_time":2.051845344},
{"learn":[4.52579294],"iteration":277,"passed_time":0.7882250069,"remaining_time":2.047116744},
{"learn":[4.521572155],"iteration":278,"passed_time":0.7904805139,"remaining_time":2.042782977},
{"learn":[4.518818099],"iteration":279,"passed_time":0.7932873285,"remaining_time":2.039881702},
{"learn":[4.514012334],"iteration":280,"passed_time":0.7954628636,"remaining_time":2.035365833},
{"learn":[4.508331416],"iteration":281,"passed_time":0.797927034,"remaining_time":2.031601455},
{"learn":[4.506038537],"iteration":282,"passed_time":0.7997464903,"remaining_time":2.026212839},
{"learn":[4.505805643],"iteration":283,"passed_time":0.8016493769,"remaining_time":2.021059697},
{"learn":[4.501550352],"iteration":284,"passed_time":0.8039910035,"remaining_time":2.017030061},
{"learn":[4.494692643],"iteration":285,"passed_time":0.8074691156,"remaining_time":2.015849471},
{"learn":[4.489330245],"iteration":286,"passed_time":0.8097758751,"remaining_time":2.011742853},
{"learn":[4.484826955],"iteration":287,"passed_time":0.8117741031,"remaining_time":2.006885977},
{"learn":[4.478285428],"iteration":288,"passed_time":0.8141079951,"remaining_time":2.002874687},
{"learn":[4.475311671],"iteration":289,"passed_time":0.8161775988,"remaining_time":1.998227914},
{"learn":[4.471581298],"iteration":290,"passed_time":0.8183167807,"remaining_time":1.993768376},
{"learn":[4.469164956],"iteration":291,"passed_time":0.820270742,"remaining_time":1.988875635},
{"learn":[4.462068024],"iteration":292,"passed_time":0.8223710651,"remaining_time":1.98435612},
{"learn":[4.458540976],"iteration":293,"passed_time":0.8242080165,"remaining_time":1.979220611},
{"learn":[4.455757458],"iteration":294,"passed_time":0.8259849323,"remaining_time":1.973963991},
{"learn":[4.453027414],"iteration":295,"passed_time":0.8277821286,"remaining_time":1.968779117},
{"learn":[4.450659338],"iteration":296,"passed_time":0.8294112015,"remaining_time":1.963219107},
{"learn":[4.444696901],"iteration":297,"passed_time":0.8310044664,"remaining_time":1.957601125},
{"learn":[4.442052813],"iteration":298,"passed_time":0.8327884237,"remaining_time":1.95245714},
{"learn":[4.440036756],"iteration":299,"passed_time":0.8353945428,"remaining_time":1.949253933},
{"learn":[4.435017051],"iteration":300,"passed_time":0.8374719866,"remaining_time":1.944826972},
{"learn":[4.429962125],"iteration":301,"passed_time":0.8431797213,"remaining_time":1.948806111},
{"learn":[4.427666256],"iteration":302,"passed_time":0.8450766458,"remaining_time":1.943955189},
{"learn":[4.425030004],"iteration":303,"passed_time":0.8483833327,"remaining_time":1.942351314},
{"learn":[4.422588771],"iteration":304,"passed_time":0.8515525312,"remaining_time":1.940422981},
{"learn":[4.418936667],"iteration":305,"passed_time":0.8537302979,"remaining_time":1.936237996},
{"learn":[4.416887976],"iteration":306,"passed_time":0.8557690264,"remaining_time":1.931752232},
{"learn":[4.413773354],"iteration":307,"passed_time":0.8581053875,"remaining_time":1.927951065},
{"learn":[4.411129391],"iteration":308,"passed_time":0.8603094167,"remaining_time":1.923863453},
{"learn":[4.40850819],"iteration":309,"passed_time":0.8626379797,"remaining_time":1.920065181},
{"learn":[4.404880292],"iteration":310,"passed_time":0.8658288966,"remaining_time":1.918186848},
{"learn":[4.404593827],"iteration":311,"passed_time":0.8698862258,"remaining_time":1.918210652},
{"learn":[4.402139942],"iteration":312,"passed_time":0.8732814927,"remaining_time":1.916755225},
{"learn":[4.400284725],"iteration":313,"passed_time":0.8758139741,"remaining_time":1.913402504},
{"learn":[4.395805521],"iteration":314,"passed_time":0.8778129424,"remaining_time":1.908894811},
{"learn":[4.392838833],"iteration":315,"passed_time":0.8807641698,"remaining_time":1.906464216},
{"learn":[4.389213061],"iteration":316,"passed_time":0.8827764337,"remaining_time":1.902007269},
{"learn":[4.3861981],"iteration":317,"passed_time":0.884748163,"remaining_time":1.897478765},
{"learn":[4.385054234],"iteration":318,"passed_time":0.8865437861,"remaining_time":1.89259034},
{"learn":[4.379364607],"iteration":319,"passed_time":0.8885193707,"remaining_time":1.888103663},
{"learn":[4.378387619],"iteration":320,"passed_time":0.8906846074,"remaining_time":1.884033796},
{"learn":[4.375816727],"iteration":321,"passed_time":0.8928865411,"remaining_time":1.880053028},
{"learn":[4.374600202],"iteration":322,"passed_time":0.8959843623,"remaining_time":1.877961032},
{"learn":[4.37098897],"iteration":323,"passed_time":0.8999475327,"remaining_time":1.877668309},
{"learn":[4.367418484],"iteration":324,"passed_time":0.9029204183,"remaining_time":1.875296253},
{"learn":[4.363584638],"iteration":325,"passed_time":0.9051701899,"remaining_time":1.871425485},
{"learn":[4.360770706],"iteration":326,"passed_time":0.9077541654,"remaining_time":1.868252457},
{"learn":[4.358675808],"iteration":327,"passed_time":0.911509388,"remaining_time":1.867482649},
{"learn":[4.354228195],"iteration":328,"passed_time":0.9134957474,"remaining_time":1.863087071},
{"learn":[4.353773425],"iteration":329,"passed_time":0.9154037406,"remaining_time":1.858546989},
{"learn":[4.351648009],"iteration":330,"passed_time":0.9174383781,"remaining_time":1.854278776},
{"learn":[4.348209927],"iteration":331,"passed_time":0.9195622119,"remaining_time":1.850203486},
{"learn":[4.345852733],"iteration":332,"passed_time":0.921767059,"remaining_time":1.846302187},
{"learn":[4.34237339],"iteration":333,"passed_time":0.9239912519,"remaining_time":1.842449622},
{"learn":[4.340814362],"iteration":334,"passed_time":0.9266871727,"remaining_time":1.839543194},
{"learn":[4.339707068],"iteration":335,"passed_time":0.9296187472,"remaining_time":1.837103715},
{"learn":[4.335430786],"iteration":336,"passed_time":0.9329880857,"remaining_time":1.835522554},
{"learn":[4.33521887],"iteration":337,"passed_time":0.9350078348,"remaining_time":1.831287534},
{"learn":[4.328507238],"iteration":338,"passed_time":0.9375282465,"remaining_time":1.828041802},
{"learn":[4.326140732],"iteration":339,"passed_time":0.9402520677,"remaining_time":1.82519519},
{"learn":[4.323785636],"iteration":340,"passed_time":0.9422333764,"remaining_time":1.820914355},
{"learn":[4.320632534],"iteration":341,"passed_time":0.9445235654,"remaining_time":1.817241246},
{"learn":[4.31973724],"iteration":342,"passed_time":0.9464373571,"remaining_time":1.812855229},
{"learn":[4.318000924],"iteration":343,"passed_time":0.9486204508,"remaining_time":1.808997139},
{"learn":[4.312713628],"iteration":344,"passed_time":0.9508352796,"remaining_time":1.805209009},
{"learn":[4.308220789],"iteration":345,"passed_time":0.9529933179,"remaining_time":1.80132263},
{"learn":[4.305890947],"iteration":346,"passed_time":0.9563998032,"remaining_time":1.799795595},
{"learn":[4.305137856],"iteration":347,"passed_time":0.9596519304,"remaining_time":1.797968559},
{"learn":[4.304787172],"iteration":348,"passed_time":0.9622231781,"remaining_time":1.794863292},
{"learn":[4.30350134],"iteration":349,"passed_time":0.9678355546,"remaining_time":1.797408887},
{"learn":[4.30293809],"iteration":350,"passed_time":0.9726777232,"remaining_time":1.798483881},
{"learn":[4.299548459],"iteration":351,"passed_time":0.9747376597,"remaining_time":1.794403419},
{"learn":[4.294768408],"iteration":352,"passed_time":0.9773812378,"remaining_time":1.791404138},
{"learn":[4.294581479],"iteration":353,"passed_time":0.9797997623,"remaining_time":1.787996176},
{"learn":[4.292551604],"iteration":354,"passed_time":0.9816846525,"remaining_time":1.783624228},
{"learn":[4.288628894],"iteration":355,"passed_time":0.9841836205,"remaining_time":1.780377111},
{"learn":[4.287802767],"iteration":356,"passed_time":0.9860860305,"remaining_time":1.776059713},
{"learn":[4.284566905],"iteration":357,"passed_time":0.9882879517,"remaining_time":1.772292919},
{"learn":[4.27890232],"iteration":358,"passed_time":0.9906916178,"remaining_time":1.768895061},
{"learn":[4.276938023],"iteration":359,"passed_time":0.993586721,"remaining_time":1.766376393},
{"learn":[4.273425094],"iteration":360,"passed_time":0.996627599,"remaining_time":1.764113672},
{"learn":[4.269726505],"iteration":361,"passed_time":0.9990132446,"remaining_time":1.760691851},
{"learn":[4.265565857],"iteration":362,"passed_time":1.000974732,"remaining_time":1.756531416},
{"learn":[4.262117173],"iteration":363,"passed_time":1.003332876,"remaining_time":1.753076123},
{"learn":[4.259185148],"iteration":364,"passed_time":1.006045526,"remaining_time":1.750243587},
{"learn":[4.257668507],"iteration":365,"passed_time":1.008686397,"remaining_time":1.747287366},
{"learn":[4.253432436],"iteration":366,"passed_time":1.011215516,"remaining_time":1.744140114},
{"learn":[4.250216667],"iteration":367,"passed_time":1.013465109,"remaining_time":1.740516165},
{"learn":[4.24514828],"iteration":368,"passed_time":1.01547815,"remaining_time":1.736495155},
{"learn":[4.244015772],"iteration":369,"passed_time":1.017700847,"remaining_time":1.732841983},
{"learn":[4.240329192],"iteration":370,"passed_time":1.019639773,"remaining_time":1.72871541},
{"learn":[4.236718014],"iteration":371,"passed_time":1.021723378,"remaining_time":1.724844843},
{"learn":[4.233495944],"iteration":372,"passed_time":1.024883803,"remaining_time":1.722793952},
{"learn":[4.230357491],"iteration":373,"passed_time":1.027852326,"remaining_time":1.720415926},
{"learn":[4.227381215],"iteration":374,"passed_time":1.030122496,"remaining_time":1.716870826},
{"learn":[4.226169067],"iteration":375,"passed_time":1.032402202,"remaining_time":1.713348335},
{"learn":[4.225963861],"iteration":376,"passed_time":1.034242468,"remaining_time":1.709106253},
{"learn":[4.224346548],"iteration":377,"passed_time":1.03620727,"remaining_time":1.705081805},
{"learn":[4.222595381],"iteration":378,"passed_time":1.038371806,"remaining_time":1.701395492},
{"learn":[4.219700938],"iteration":379,"passed_time":1.040504428,"remaining_time":1.697665119},
{"learn":[4.216356207],"iteration":380,"passed_time":1.042944529,"remaining_time":1.694442686},
{"learn":[4.214326494],"iteration":381,"passed_time":1.046064432,"remaining_time":1.692324133},
{"learn":[4.212901398],"iteration":382,"passed_time":1.048344943,"remaining_time":1.688848119},
{"learn":[4.211331091],"iteration":383,"passed_time":1.050907366,"remaining_time":1.685830566},
{"learn":[4.208624791],"iteration":384,"passed_time":1.053787375,"remaining_time":1.683322689},
{"learn":[4.204659106],"iteration":385,"passed_time":1.055989092,"remaining_time":1.679733945},
{"learn":[4.202968852],"iteration":386,"passed_time":1.058017168,"remaining_time":1.675877324},
{"learn":[4.197261935],"iteration":387,"passed_time":1.060380535,"remaining_time":1.672558988},
{"learn":[4.196934403],"iteration":388,"passed_time":1.062359038,"remaining_time":1.66864106},
{"learn":[4.192479929],"iteration":389,"passed_time":1.064303019,"remaining_time":1.664679081},
{"learn":[4.190243116],"iteration":390,"passed_time":1.066315817,"remaining_time":1.66083461},
{"learn":[4.185852431],"iteration":391,"passed_time":1.068483182,"remaining_time":1.657239222},
{"learn":[4.180967944],"iteration":392,"passed_time":1.070391355,"remaining_time":1.65325077},
{"learn":[4.178283162],"iteration":393,"passed_time":1.072348629,"remaining_time":1.649348398},
{"learn":[4.176341157],"iteration":394,"passed_time":1.074171171,"remaining_time":1.645249515},
{"learn":[4.176041504],"iteration":395,"passed_time":1.076045207,"remaining_time":1.641240669},
{"learn":[4.175564513],"iteration":396,"passed_time":1.077939368,"remaining_time":1.637273146},
{"learn":[4.170830274],"iteration":397,"passed_time":1.080216026,"remaining_time":1.633894592},
{"learn":[4.167804808],"iteration":398,"passed_time":1.081992701,"remaining_time":1.629768454},
{"learn":[4.165860548],"iteration":399,"passed_time":1.084856811,"remaining_time":1.627285216},
{"learn":[4.160950571],"iteration":400,"passed_time":1.086928246,"remaining_time":1.623616008},
{"learn":[4.158544115],"iteration":401,"passed_time":1.089024183,"remaining_time":1.619991197},
{"learn":[4.154448767],"iteration":402,"passed_time":1.090689923,"remaining_time":1.615736686},
{"learn":[4.15197457],"iteration":403,"passed_time":1.092268919,"remaining_time":1.611367019},
{"learn":[4.149562679],"iteration":404,"passed_time":1.093727581,"remaining_time":1.606834348},
{"learn":[4.149327961],"iteration":405,"passed_time":1.095374642,"remaining_time":1.602592457},
{"learn":[4.147444889],"iteration":406,"passed_time":1.097402283,"remaining_time":1.598917823},
{"learn":[4.147254809],"iteration":407,"passed_time":1.099093355,"remaining_time":1.594762908},
{"learn":[4.144589165],"iteration":408,"passed_time":1.100786322,"remaining_time":1.590622778},
{"learn":[4.141691034],"iteration":409,"passed_time":1.102568187,"remaining_time":1.586622513},
{"learn":[4.138893468],"iteration":410,"passed_time":1.104002682,"remaining_time":1.582135231},
{"learn":[4.136964597],"iteration":411,"passed_time":1.105588941,"remaining_time":1.577879363},
{"learn":[4.133773523],"iteration":412,"passed_time":1.107212465,"remaining_time":1.573689387},
{"learn":[4.131363444],"iteration":413,"passed_time":1.108732623,"remaining_time":1.5693655},
{"learn":[4.130228592],"iteration":414,"passed_time":1.11021293,"remaining_time":1.56499895},
{"learn":[4.12884186],"iteration":415,"passed_time":1.111561548,"remaining_time":1.560461404},
{"learn":[4.12413494],"iteration":416,"passed_time":1.113044161,"remaining_time":1.556126489},
{"learn":[4.119422508],"iteration":417,"passed_time":1.115089943,"remaining_time":1.552589346},
{"learn":[4.117038244],"iteration":418,"passed_time":1.118235284,"remaining_time":1.550584009},
{"learn":[4.116067631],"iteration":419,"passed_time":1.120491035,"remaining_time":1.547344762},
{"learn":[4.110343455],"iteration":420,"passed_time":1.122572716,"remaining_time":1.54387079},
{"learn":[4.105604544],"iteration":421,"passed_time":1.124080086,"remaining_time":1.5396168},
{"learn":[4.103390131],"iteration":422,"passed_time":1.125706843,"remaining_time":1.535538649},
{"learn":[4.096724402],"iteration":423,"passed_time":1.127371593,"remaining_time":1.531523674},
{"learn":[4.093431279],"iteration":424,"passed_time":1.129077691,"remaining_time":1.527575699},
{"learn":[4.091412744],"iteration":425,"passed_time":1.130783207,"remaining_time":1.523637467},
{"learn":[4.091192901],"iteration":426,"passed_time":1.132318589,"remaining_time":1.519481386},
{"learn":[4.088994581],"iteration":427,"passed_time":1.133884742,"remaining_time":1.515378674},
{"learn":[4.087845355],"iteration":428,"passed_time":1.135405692,"remaining_time":1.511227623},
{"learn":[4.083650279],"iteration":429,"passed_time":1.136928304,"remaining_time":1.507091008},
{"learn":[4.079840652],"iteration":430,"passed_time":1.13831744,"remaining_time":1.502790309},
{"learn":[4.075707828],"iteration":431,"passed_time":1.140195035,"remaining_time":1.499145323},
{"learn":[4.071345409],"iteration":432,"passed_time":1.141757194,"remaining_time":1.495095449},
{"learn":[4.067460475],"iteration":433,"passed_time":1.143555038,"remaining_time":1.491364405},
{"learn":[4.064914749],"iteration":434,"passed_time":1.145078362,"remaining_time":1.487285688},
{"learn":[4.063823175],"iteration":435,"passed_time":1.146491516,"remaining_time":1.483076181},
{"learn":[4.058898471],"iteration":436,"passed_time":1.148050349,"remaining_time":1.479067154},
{"learn":[4.054120355],"iteration":437,"passed_time":1.149834268,"remaining_time":1.475358125},
{"learn":[4.052715901],"iteration":438,"passed_time":1.151315167,"remaining_time":1.471270635},
{"learn":[4.052114167],"iteration":439,"passed_time":1.152807939,"remaining_time":1.467210105},
{"learn":[4.051377267],"iteration":440,"passed_time":1.154185906,"remaining_time":1.463015695},
{"learn":[4.049275336],"iteration":441,"passed_time":1.155628837,"remaining_time":1.458916043},
{"learn":[4.047099198],"iteration":442,"passed_time":1.157390643,"remaining_time":1.455229319},
{"learn":[4.044348685],"iteration":443,"passed_time":1.158821037,"remaining_time":1.451136253},
{"learn":[4.042822379],"iteration":444,"passed_time":1.160416835,"remaining_time":1.447261446},
{"learn":[4.041258611],"iteration":445,"passed_time":1.161789376,"remaining_time":1.443119539},
{"learn":[4.040044254],"iteration":446,"passed_time":1.163342677,"remaining_time":1.439213647},
{"learn":[4.036860137],"iteration":447,"passed_time":1.164702392,"remaining_time":1.435079733},
{"learn":[4.036372284],"iteration":448,"passed_time":1.167304046,"remaining_time":1.432482247},
{"learn":[4.03368231],"iteration":449,"passed_time":1.169725341,"remaining_time":1.429664306},
{"learn":[4.032439519],"iteration":450,"passed_time":1.172134823,"remaining_time":1.426833742},
{"learn":[4.032008634],"iteration":451,"passed_time":1.176283114,"remaining_time":1.426113156},
{"learn":[4.030034932],"iteration":452,"passed_time":1.178582977,"remaining_time":1.423145449},
{"learn":[4.028173412],"iteration":453,"passed_time":1.180197092,"remaining_time":1.419355974},
{"learn":[4.023806097],"iteration":454,"passed_time":1.18197532,"remaining_time":1.415772636},
{"learn":[4.020239186],"iteration":455,"passed_time":1.184377913,"remaining_time":1.412942072},
{"learn":[4.017384838],"iteration":456,"passed_time":1.186212731,"remaining_time":1.409438759},
{"learn":[4.016468229],"iteration":457,"passed_time":1.188061665,"remaining_time":1.405959437},
{"learn":[4.014530169],"iteration":458,"passed_time":1.190239828,"remaining_time":1.402875265},
{"learn":[4.012884822],"iteration":459,"passed_time":1.193265037,"remaining_time":1.400789391},
{"learn":[4.008924707],"iteration":460,"passed_time":1.195915029,"remaining_time":1.398260738},
{"learn":[4.008286778],"iteration":461,"passed_time":1.198545383,"remaining_time":1.395708693},
{"learn":[4.006444202],"iteration":462,"passed_time":1.201505502,"remaining_time":1.393538779},
{"learn":[4.003284363],"iteration":463,"passed_time":1.203466883,"remaining_time":1.390211744},
{"learn":[3.999811484],"iteration":464,"passed_time":1.205645021,"remaining_time":1.38713997},
{"learn":[3.997483319],"iteration":465,"passed_time":1.208018714,"remaining_time":1.384296123},
{"learn":[3.99708333],"iteration":466,"passed_time":1.210422932,"remaining_time":1.381489128},
{"learn":[3.995860263],"iteration":467,"passed_time":1.212151205,"remaining_time":1.377915473},
{"learn":[3.994131111],"iteration":468,"passed_time":1.214316687,"remaining_time":1.374844692},
{"learn":[3.993125499],"iteration":469,"passed_time":1.216174207,"remaining_time":1.371430489},
{"learn":[3.992954084],"iteration":470,"passed_time":1.218627506,"remaining_time":1.36869204},
{"learn":[3.990635743],"iteration":471,"passed_time":1.22125644,"remaining_time":1.366151272},
{"learn":[3.986678254],"iteration":472,"passed_time":1.223399628,"remaining_time":1.36306893},
{"learn":[3.986393291],"iteration":473,"passed_time":1.225655749,"remaining_time":1.360115873},
{"learn":[3.986152671],"iteration":474,"passed_time":1.228943209,"remaining_time":1.358305652},
{"learn":[3.985596662],"iteration":475,"passed_time":1.230649319,"remaining_time":1.35474841},
{"learn":[3.983853457],"iteration":476,"passed_time":1.232565907,"remaining_time":1.351429705},
{"learn":[3.983263928],"iteration":477,"passed_time":1.23421008,"remaining_time":1.347819376},
{"learn":[3.980067202],"iteration":478,"passed_time":1.23771978,"remaining_time":1.346246358},
{"learn":[3.978115407],"iteration":479,"passed_time":1.239314451,"remaining_time":1.342590656},
{"learn":[3.972661644],"iteration":480,"passed_time":1.241416699,"remaining_time":1.3394912},
{"learn":[3.969938254],"iteration":481,"passed_time":1.243129019,"remaining_time":1.33597683},
{"learn":[3.968211434],"iteration":482,"passed_time":1.24524572,"remaining_time":1.332902768},
{"learn":[3.966113368],"iteration":483,"passed_time":1.246984616,"remaining_time":1.32942988},
{"learn":[3.962246044],"iteration":484,"passed_time":1.248854661,"remaining_time":1.326103403},
{"learn":[3.961319703],"iteration":485,"passed_time":1.251665968,"remaining_time":1.323778411},
{"learn":[3.96078191],"iteration":486,"passed_time":1.255132844,"remaining_time":1.322141989},
{"learn":[3.958913633],"iteration":487,"passed_time":1.258379194,"remaining_time":1.320266695},
{"learn":[3.957428286],"iteration":488,"passed_time":1.260930994,"remaining_time":1.317659996},
{"learn":[3.952641965],"iteration":489,"passed_time":1.263101463,"remaining_time":1.314656625},
{"learn":[3.951486786],"iteration":490,"passed_time":1.264895347,"remaining_time":1.311266256},
{"learn":[3.94938344],"iteration":491,"passed_time":1.267195411,"remaining_time":1.308405018},
{"learn":[3.947297924],"iteration":492,"passed_time":1.269254579,"remaining_time":1.30529832},
{"learn":[3.946284886],"iteration":493,"passed_time":1.271707526,"remaining_time":1.302599207},
{"learn":[3.943288204],"iteration":494,"passed_time":1.27368409,"remaining_time":1.299415082},
{"learn":[3.943076488],"iteration":495,"passed_time":1.275410365,"remaining_time":1.2959815},
{"learn":[3.942347078],"iteration":496,"passed_time":1.277639149,"remaining_time":1.293063364},
{"learn":[3.940251541],"iteration":497,"passed_time":1.279925918,"remaining_time":1.290206448},
{"learn":[3.939011019],"iteration":498,"passed_time":1.283035809,"remaining_time":1.288178237},
{"learn":[3.938760512],"iteration":499,"passed_time":1.285843161,"remaining_time":1.285843161},
{"learn":[3.934522727],"iteration":500,"passed_time":1.289446091,"remaining_time":1.284298602},
{"learn":[3.930091193],"iteration":501,"passed_time":1.291198462,"remaining_time":1.280910028},
{"learn":[3.927671752],"iteration":502,"passed_time":1.293223594,"remaining_time":1.277797468},
{"learn":[3.927280041],"iteration":503,"passed_time":1.295482055,"remaining_time":1.274918847},
{"learn":[3.925987561],"iteration":504,"passed_time":1.297503918,"remaining_time":1.271810771},
{"learn":[3.921645957],"iteration":505,"passed_time":1.299526954,"remaining_time":1.268708133},
{"learn":[3.920333743],"iteration":506,"passed_time":1.301207388,"remaining_time":1.265276612},
{"learn":[3.918659461],"iteration":507,"passed_time":1.303026716,"remaining_time":1.261986504},
{"learn":[3.916124385],"iteration":508,"passed_time":1.305292435,"remaining_time":1.259132781},
{"learn":[3.913849268],"iteration":509,"passed_time":1.30719453,"remaining_time":1.255932},
{"learn":[3.912826119],"iteration":510,"passed_time":1.3089049,"remaining_time":1.25255283},
{"learn":[3.910034145],"iteration":511,"passed_time":1.311377008,"remaining_time":1.249906211},
{"learn":[3.90792379],"iteration":512,"passed_time":1.314760527,"remaining_time":1.248125491},
{"learn":[3.907823851],"iteration":513,"passed_time":1.317072147,"remaining_time":1.245325026},
{"learn":[3.904527401],"iteration":514,"passed_time":1.319727847,"remaining_time":1.242850497},
{"learn":[3.903378283],"iteration":515,"passed_time":1.32146196,"remaining_time":1.239510831},
{"learn":[3.902170135],"iteration":516,"passed_time":1.323366758,"remaining_time":1.236336836},
{"learn":[3.899435429],"iteration":517,"passed_time":1.32537873,"remaining_time":1.233267467},
{"learn":[3.897497505],"iteration":518,"passed_time":1.327551231,"remaining_time":1.230350948},
{"learn":[3.896426119],"iteration":519,"passed_time":1.329157933,"remaining_time":1.226915015},
{"learn":[3.896044669],"iteration":520,"passed_time":1.330993923,"remaining_time":1.223696908},
{"learn":[3.892795942],"iteration":521,"passed_time":1.332628871,"remaining_time":1.220300001},
{"learn":[3.892413888],"iteration":522,"passed_time":1.334410985,"remaining_time":1.217044053},
{"learn":[3.891738985],"iteration":523,"passed_time":1.335915019,"remaining_time":1.213541124},
{"learn":[3.88822057],"iteration":524,"passed_time":1.337860314,"remaining_time":1.210445046},
{"learn":[3.883837053],"iteration":525,"passed_time":1.340534422,"remaining_time":1.208010107},
{"learn":[3.881769742],"iteration":526,"passed_time":1.342374196,"remaining_time":1.204825417},
{"learn":[3.880356898],"iteration":527,"passed_time":1.344762298,"remaining_time":1.202135994},
{"learn":[3.879250273],"iteration":528,"passed_time":1.346576867,"remaining_time":1.198937059},
{"learn":[3.877174493],"iteration":529,"passed_time":1.348918755,"remaining_time":1.196210971},
{"learn":[3.875854201],"iteration":530,"passed_time":1.350945459,"remaining_time":1.193207948},
{"learn":[3.873189396],"iteration":531,"passed_time":1.353073668,"remaining_time":1.190297888},
{"learn":[3.871583368],"iteration":532,"passed_time":1.35522959,"remaining_time":1.187415044},
{"learn":[3.869622679],"iteration":533,"passed_time":1.35728857,"remaining_time":1.184450325},
{"learn":[3.866860164],"iteration":534,"passed_time":1.358949127,"remaining_time":1.181142699},
{"learn":[3.864498444],"iteration":535,"passed_time":1.360573748,"remaining_time":1.17781011},
{"learn":[3.861416322],"iteration":536,"passed_time":1.362164163,"remaining_time":1.17445439},
{"learn":[3.860265769],"iteration":537,"passed_time":1.363774867,"remaining_time":1.171122655},
{"learn":[3.859328725],"iteration":538,"passed_time":1.365916434,"remaining_time":1.168251347},
{"learn":[3.858521278],"iteration":539,"passed_time":1.36838926,"remaining_time":1.165664926},
{"learn":[3.85599111],"iteration":540,"passed_time":1.371768583,"remaining_time":1.163848022},
{"learn":[3.852379816],"iteration":541,"passed_time":1.37479756,"remaining_time":1.161729303},
{"learn":[3.851327537],"iteration":542,"passed_time":1.376857607,"remaining_time":1.158791761},
{"learn":[3.847854898],"iteration":543,"passed_time":1.379627232,"remaining_time":1.156452238},
{"learn":[3.847083414],"iteration":544,"passed_time":1.382030152,"remaining_time":1.153804989},
{"learn":[3.845397429],"iteration":545,"passed_time":1.38410943,"remaining_time":1.150889526},
{"learn":[3.841933528],"iteration":546,"passed_time":1.386436001,"remaining_time":1.148181917},
{"learn":[3.840996474],"iteration":547,"passed_time":1.388335548,"remaining_time":1.145123481},
{"learn":[3.838355966],"iteration":548,"passed_time":1.390229353,"remaining_time":1.14206455},
{"learn":[3.83342799],"iteration":549,"passed_time":1.392124284,"remaining_time":1.139010778},
{"learn":[3.828161535],"iteration":550,"passed_time":1.394088665,"remaining_time":1.136017805},
{"learn":[3.823502399],"iteration":551,"passed_time":1.396002601,"remaining_time":1.132987619},
{"learn":[3.820068862],"iteration":552,"passed_time":1.397844005,"remaining_time":1.129902839},
{"learn":[3.817951642],"iteration":553,"passed_time":1.400875022,"remaining_time":1.127780252},
{"learn":[3.815785958],"iteration":554,"passed_time":1.403531678,"remaining_time":1.125354228},
{"learn":[3.81503012],"iteration":555,"passed_time":1.405600405,"remaining_time":1.122457877},
{"learn":[3.813529315],"iteration":556,"passed_time":1.41049307,"remaining_time":1.121810467},
{"learn":[3.808881326],"iteration":557,"passed_time":1.412776649,"remaining_time":1.119081145},
{"learn":[3.808740434],"iteration":558,"passed_time":1.415047935,"remaining_time":1.11634372},
{"learn":[3.80714352],"iteration":559,"passed_time":1.418627009,"remaining_time":1.114635507},
{"learn":[3.80573346],"iteration":560,"passed_time":1.420798017,"remaining_time":1.111818769},
{"learn":[3.803370052],"iteration":561,"passed_time":1.423063277,"remaining_time":1.109077785},
{"learn":[3.803215211],"iteration":562,"passed_time":1.425612476,"remaining_time":1.106558884},
{"learn":[3.801309667],"iteration":563,"passed_time":1.428234275,"remaining_time":1.104096},
{"learn":[3.800003847],"iteration":564,"passed_time":1.432487784,"remaining_time":1.102888825},
{"learn":[3.798026138],"iteration":565,"passed_time":1.437782677,"remaining_time":1.102469402},
{"learn":[3.794745847],"iteration":566,"passed_time":1.441089925,"remaining_time":1.100514881},
{"learn":[3.794312041],"iteration":567,"passed_time":1.443461439,"remaining_time":1.097843912},
{"learn":[3.792205926],"iteration":568,"passed_time":1.446094286,"remaining_time":1.095371946},
{"learn":[3.788991061],"iteration":569,"passed_time":1.448060236,"remaining_time":1.092396318},
{"learn":[3.787391572],"iteration":570,"passed_time":1.450135917,"remaining_time":1.08950667},
{"learn":[3.7826445],"iteration":571,"passed_time":1.452743623,"remaining_time":1.087017956},
{"learn":[3.781700331],"iteration":572,"passed_time":1.45491692,"remaining_time":1.084205105},
{"learn":[3.780045374],"iteration":573,"passed_time":1.457216891,"remaining_time":1.081488494},
{"learn":[3.775462644],"iteration":574,"passed_time":1.46106639,"remaining_time":1.079918636},
{"learn":[3.773711943],"iteration":575,"passed_time":1.464688382,"remaining_time":1.078173392},
{"learn":[3.772415806],"iteration":576,"passed_time":1.467355838,"remaining_time":1.07572187},
{"learn":[3.770170875],"iteration":577,"passed_time":1.470810223,"remaining_time":1.073844142},
{"learn":[3.765166479],"iteration":578,"passed_time":1.473199401,"remaining_time":1.071186438},
{"learn":[3.763976102],"iteration":579,"passed_time":1.476083177,"remaining_time":1.068887818},
{"learn":[3.760761708],"iteration":580,"passed_time":1.478767821,"remaining_time":1.066443575},
{"learn":[3.758155662],"iteration":581,"passed_time":1.481038255,"remaining_time":1.063701015},
{"learn":[3.756844548],"iteration":582,"passed_time":1.483191399,"remaining_time":1.060876181},
{"learn":[3.753098923],"iteration":583,"passed_time":1.486087798,"remaining_time":1.058583089},
{"learn":[3.751618946],"iteration":584,"passed_time":1.488476952,"remaining_time":1.055928094},
{"learn":[3.751398464],"iteration":585,"passed_time":1.491475527,"remaining_time":1.053704553},
{"learn":[3.749920103],"iteration":586,"passed_time":1.494835405,"remaining_time":1.051732576},
{"learn":[3.748237465],"iteration":587,"passed_time":1.497618743,"remaining_time":1.049351908},
{"learn":[3.746021536],"iteration":588,"passed_time":1.50054888,"remaining_time":1.047072308},
{"learn":[3.74417648],"iteration":589,"passed_time":1.502592488,"remaining_time":1.044174441},
{"learn":[3.738788389],"iteration":590,"passed_time":1.504976619,"remaining_time":1.041515122},
{"learn":[3.736021611],"iteration":591,"passed_time":1.507586303,"remaining_time":1.039012182},
{"learn":[3.734546151],"iteration":592,"passed_time":1.509734345,"remaining_time":1.036192038},
{"learn":[3.733527479],"iteration":593,"passed_time":1.511930363,"remaining_time":1.033406948},
{"learn":[3.733026392],"iteration":594,"passed_time":1.513661466,"remaining_time":1.030307384},
{"learn":[3.730314752],"iteration":595,"passed_time":1.515555056,"remaining_time":1.027322555},
{"learn":[3.727342596],"iteration":596,"passed_time":1.517605425,"remaining_time":1.024447213},
{"learn":[3.725459604],"iteration":597,"passed_time":1.520536625,"remaining_time":1.022166761},
{"learn":[3.723158842],"iteration":598,"passed_time":1.522997406,"remaining_time":1.019569215},
{"learn":[3.722362756],"iteration":599,"passed_time":1.525572394,"remaining_time":1.017048263},
{"learn":[3.721443615],"iteration":600,"passed_time":1.527940048,"remaining_time":1.014389483},
{"learn":[3.720743486],"iteration":601,"passed_time":1.531097028,"remaining_time":1.012253517},
{"learn":[3.720215334],"iteration":602,"passed_time":1.533180712,"remaining_time":1.009407534},
{"learn":[3.719436563],"iteration":603,"passed_time":1.535436528,"remaining_time":1.006676929},
{"learn":[3.715046574],"iteration":604,"passed_time":1.537899118,"remaining_time":1.004082895},
{"learn":[3.71443396],"iteration":605,"passed_time":1.539618714,"remaining_time":1.001006226},
{"learn":[3.712938941],"iteration":606,"passed_time":1.541416262,"remaining_time":0.9979844992},
{"learn":[3.712814764],"iteration":607,"passed_time":1.542924418,"remaining_time":0.9947802171},
{"learn":[3.71235348],"iteration":608,"passed_time":1.545179654,"remaining_time":0.992061157},
{"learn":[3.711223749],"iteration":609,"passed_time":1.547234334,"remaining_time":0.9892153938},
{"learn":[3.710755648],"iteration":610,"passed_time":1.549493632,"remaining_time":0.9865024923},
{"learn":[3.708668039],"iteration":611,"passed_time":1.55153678,"remaining_time":0.9836540368},
{"learn":[3.705623591],"iteration":612,"passed_time":1.554586135,"remaining_time":0.9814434493},
{"learn":[3.704045802],"iteration":613,"passed_time":1.556895332,"remaining_time":0.978764818},
{"learn":[3.699915209],"iteration":614,"passed_time":1.560424108,"remaining_time":0.9768508646},
{"learn":[3.696182221],"iteration":615,"passed_time":1.562901924,"remaining_time":0.9742765239},
{"learn":[3.694263278],"iteration":616,"passed_time":1.56529127,"remaining_time":0.9716475794},
{"learn":[3.693810229],"iteration":617,"passed_time":1.567874044,"remaining_time":0.9691389721},
{"learn":[3.690900932],"iteration":618,"passed_time":1.569708298,"remaining_time":0.9661694048},
{"learn":[3.688020895],"iteration":619,"passed_time":1.571572171,"remaining_time":0.9632216529},
{"learn":[3.685491894],"iteration":620,"passed_time":1.573417092,"remaining_time":0.9602658261},
{"learn":[3.684328128],"iteration":621,"passed_time":1.575384814,"remaining_time":0.9573881987},
{"learn":[3.680640153],"iteration":622,"passed_time":1.577205798,"remaining_time":0.9544246965},
{"learn":[3.678932783],"iteration":623,"passed_time":1.579078113,"remaining_time":0.9514957862},
{"learn":[3.674167041],"iteration":624,"passed_time":1.581235229,"remaining_time":0.9487411374},
{"learn":[3.672200976],"iteration":625,"passed_time":1.584018494,"remaining_time":0.946362487},
{"learn":[3.670606604],"iteration":626,"passed_time":1.586352932,"remaining_time":0.9437155399},
{"learn":[3.665506042],"iteration":627,"passed_time":1.589424756,"remaining_time":0.9415063842},
{"learn":[3.664214007],"iteration":628,"passed_time":1.591464277,"remaining_time":0.9386856067},
{"learn":[3.66261643],"iteration":629,"passed_time":1.593400656,"remaining_time":0.9358067346},
{"learn":[3.662118449],"iteration":630,"passed_time":1.595931465,"remaining_time":0.9332784636},
{"learn":[3.660871366],"iteration":631,"passed_time":1.598052919,"remaining_time":0.9305118262},
{"learn":[3.656695243],"iteration":632,"passed_time":1.599928042,"remaining_time":0.92760441},
{"learn":[3.654497801],"iteration":633,"passed_time":1.601920533,"remaining_time":0.9247680048},
{"learn":[3.654189134],"iteration":634,"passed_time":1.60361151,"remaining_time":0.9217609467},
{"learn":[3.653957699],"iteration":635,"passed_time":1.605417091,"remaining_time":0.9188236184},
{"learn":[3.651920725],"iteration":636,"passed_time":1.607488057,"remaining_time":0.9160410749},
{"learn":[3.65106705],"iteration":637,"passed_time":1.609903582,"remaining_time":0.9134562645},
{"learn":[3.650612844],"iteration":638,"passed_time":1.612406114,"remaining_time":0.9109211382},
{"learn":[3.649884732],"iteration":639,"passed_time":1.615015127,"remaining_time":0.9084460087},
{"learn":[3.646276182],"iteration":640,"passed_time":1.617937383,"remaining_time":0.906145898},
{"learn":[3.645808194],"iteration":641,"passed_time":1.620435724,"remaining_time":0.9036074596},
{"learn":[3.645042989],"iteration":642,"passed_time":1.622741019,"remaining_time":0.9009619656},
{"learn":[3.639864499],"iteration":643,"passed_time":1.626333127,"remaining_time":0.8990288713},
{"learn":[3.637318478],"iteration":644,"passed_time":1.628856945,"remaining_time":0.8965026597},
{"learn":[3.636344905],"iteration":645,"passed_time":1.631186164,"remaining_time":0.8938698177},
{"learn":[3.634754643],"iteration":646,"passed_time":1.633730422,"remaining_time":0.8913552382},
{"learn":[3.630724975],"iteration":647,"passed_time":1.637335111,"remaining_time":0.8894166034},
{"learn":[3.629408252],"iteration":648,"passed_time":1.640282073,"remaining_time":0.8871171148},
{"learn":[3.62790646],"iteration":649,"passed_time":1.643308905,"remaining_time":0.884858641},
{"learn":[3.627388973],"iteration":650,"passed_time":1.645795916,"remaining_time":0.8823084096},
{"learn":[3.625163557],"iteration":651,"passed_time":1.648105418,"remaining_time":0.8796636279},
{"learn":[3.623701985],"iteration":652,"passed_time":1.65071529,"remaining_time":0.8771794881},
{"learn":[3.622342639],"iteration":653,"passed_time":1.653132866,"remaining_time":0.8745932287},
{"learn":[3.621130639],"iteration":654,"passed_time":1.655450356,"remaining_time":0.8719547677},
{"learn":[3.619125665],"iteration":655,"passed_time":1.658370302,"remaining_time":0.8696332073},
{"learn":[3.618878783],"iteration":656,"passed_time":1.660164975,"remaining_time":0.8667223539},
{"learn":[3.616207429],"iteration":657,"passed_time":1.66230778,"remaining_time":0.863995837},
{"learn":[3.61206486],"iteration":658,"passed_time":1.664429727,"remaining_time":0.8612602987},
{"learn":[3.611955873],"iteration":659,"passed_time":1.666300334,"remaining_time":0.8583971416},
{"learn":[3.610713743],"iteration":660,"passed_time":1.668501672,"remaining_time":0.8557066061},
{"learn":[3.610044025],"iteration":661,"passed_time":1.671576069,"remaining_time":0.8534633101},
{"learn":[3.607342669],"iteration":662,"passed_time":1.67463384,"remaining_time":0.8512090561},
{"learn":[3.602510618],"iteration":663,"passed_time":1.677136184,"remaining_time":0.8486713222},
{"learn":[3.600492392],"iteration":664,"passed_time":1.680109756,"remaining_time":0.8463710799},
{"learn":[3.597171065],"iteration":665,"passed_time":1.682737065,"remaining_time":0.8438951645},
{"learn":[3.594358798],"iteration":666,"passed_time":1.684768814,"remaining_time":0.8411214621},
{"learn":[3.593945251],"iteration":667,"passed_time":1.687371113,"remaining_time":0.838633547},
{"learn":[3.593607748],"iteration":668,"passed_time":1.689511437,"remaining_time":0.83591672},
{"learn":[3.592238714],"iteration":669,"passed_time":1.691344247,"remaining_time":0.8330501513},
{"learn":[3.590144654],"iteration":670,"passed_time":1.693131982,"remaining_time":0.8301645633},
{"learn":[3.587151536],"iteration":671,"passed_time":1.695057837,"remaining_time":0.8273496584},
{"learn":[3.586070865],"iteration":672,"passed_time":1.697074092,"remaining_time":0.8245813196},
{"learn":[3.585102746],"iteration":673,"passed_time":1.69896787,"remaining_time":0.8217559728},
{"learn":[3.584362847],"iteration":674,"passed_time":1.701004868,"remaining_time":0.819002344},
{"learn":[3.581407561],"iteration":675,"passed_time":1.704328205,"remaining_time":0.8168673645},
{"learn":[3.57919422],"iteration":676,"passed_time":1.706521115,"remaining_time":0.8141895425},
{"learn":[3.577632204],"iteration":677,"passed_time":1.709316252,"remaining_time":0.811799164},
{"learn":[3.573911195],"iteration":678,"passed_time":1.711316459,"remaining_time":0.8090317871},
{"learn":[3.573408216],"iteration":679,"passed_time":1.714486359,"remaining_time":0.80681711},
{"learn":[3.571076482],"iteration":680,"passed_time":1.717332251,"remaining_time":0.804447853},
{"learn":[3.568177107],"iteration":681,"passed_time":1.719993478,"remaining_time":0.8019910937},
{"learn":[3.564824621],"iteration":682,"passed_time":1.722795048,"remaining_time":0.7995988727},
{"learn":[3.562475026],"iteration":683,"passed_time":1.725002832,"remaining_time":0.7969311331},
{"learn":[3.561226889],"iteration":684,"passed_time":1.728210746,"remaining_time":0.7947246495},
{"learn":[3.559383467],"iteration":685,"passed_time":1.731717938,"remaining_time":0.7926522341},
{"learn":[3.555209766],"iteration":686,"passed_time":1.734107619,"remaining_time":0.7900664989},
{"learn":[3.55345383],"iteration":687,"passed_time":1.736119601,"remaining_time":0.7873100515},
{"learn":[3.552300968],"iteration":688,"passed_time":1.738058925,"remaining_time":0.7845229691},
{"learn":[3.551253986],"iteration":689,"passed_time":1.740417802,"remaining_time":0.7819268384},
{"learn":[3.549807725],"iteration":690,"passed_time":1.742350309,"remaining_time":0.7791407315},
{"learn":[3.547992926],"iteration":691,"passed_time":1.744317999,"remaining_time":0.776372751},
{"learn":[3.545438607],"iteration":692,"passed_time":1.746698882,"remaining_time":0.7737901254},
{"learn":[3.543313763],"iteration":693,"passed_time":1.748815163,"remaining_time":0.7710914119},
{"learn":[3.542962896],"iteration":694,"passed_time":1.750583426,"remaining_time":0.7682416474},
{"learn":[3.539800465],"iteration":695,"passed_time":1.752596616,"remaining_time":0.76550197},
{"learn":[3.53953187],"iteration":696,"passed_time":1.754492162,"remaining_time":0.7627132355},
{"learn":[3.536332425],"iteration":697,"passed_time":1.756311972,"remaining_time":0.7598942918},
{"learn":[3.534993327],"iteration":698,"passed_time":1.758196288,"remaining_time":0.7571059838},
{"learn":[3.531637011],"iteration":699,"passed_time":1.760734101,"remaining_time":0.7546003288},
{"learn":[3.531040284],"iteration":700,"passed_time":1.762699048,"remaining_time":0.751850236},
{"learn":[3.529973872],"iteration":701,"passed_time":1.764426261,"remaining_time":0.7490014612},
{"learn":[3.527325183],"iteration":702,"passed_time":1.766348097,"remaining_time":0.7462381005},
{"learn":[3.527200815],"iteration":703,"passed_time":1.76817478,"remaining_time":0.7434371233},
{"learn":[3.523459911],"iteration":704,"passed_time":1.770003147,"remaining_time":0.7406396148},
{"learn":[3.522729934],"iteration":705,"passed_time":1.771931015,"remaining_time":0.7378862865},
{"learn":[3.522260582],"iteration":706,"passed_time":1.773849522,"remaining_time":0.7351314141},
{"learn":[3.518641591],"iteration":707,"passed_time":1.775616645,"remaining_time":0.7323164694},
{"learn":[3.516856405],"iteration":708,"passed_time":1.777292418,"remaining_time":0.7294669866},
{"learn":[3.515083413],"iteration":709,"passed_time":1.77908394,"remaining_time":0.726668088},
{"learn":[3.514671214],"iteration":710,"passed_time":1.781143703,"remaining_time":0.7239810551},
{"learn":[3.512617621],"iteration":711,"passed_time":1.782718538,"remaining_time":0.7210996332},
{"learn":[3.510747971],"iteration":712,"passed_time":1.78443095,"remaining_time":0.7182772549},
{"learn":[3.508149266],"iteration":713,"passed_time":1.785987776,"remaining_time":0.7153956636},
{"learn":[3.504557165],"iteration":714,"passed_time":1.787822695,"remaining_time":0.7126286268},
{"learn":[3.501367208],"iteration":715,"passed_time":1.789795937,"remaining_time":0.7099190589},
{"learn":[3.497593362],"iteration":716,"passed_time":1.791326252,"remaining_time":0.7070367216},
{"learn":[3.496291169],"iteration":717,"passed_time":1.792767957,"remaining_time":0.7041233481},
{"learn":[3.49330374],"iteration":718,"passed_time":1.794305796,"remaining_time":0.7012516391},
{"learn":[3.490044385],"iteration":719,"passed_time":1.795851053,"remaining_time":0.6983865206},
{"learn":[3.488891789],"iteration":720,"passed_time":1.797595125,"remaining_time":0.6956019969},
{"learn":[3.486869081],"iteration":721,"passed_time":1.799382864,"remaining_time":0.6928371691},
{"learn":[3.486303638],"iteration":722,"passed_time":1.801102364,"remaining_time":0.6900489001},
{"learn":[3.486035862],"iteration":723,"passed_time":1.802756813,"remaining_time":0.6872387851},
{"learn":[3.482668951],"iteration":724,"passed_time":1.804406743,"remaining_time":0.684430144},
{"learn":[3.47820549],"iteration":725,"passed_time":1.806607765,"remaining_time":0.6818326827},
{"learn":[3.474392283],"iteration":726,"passed_time":1.808580669,"remaining_time":0.67915065},
{"learn":[3.472268163],"iteration":727,"passed_time":1.810314654,"remaining_time":0.6763812992},
{"learn":[3.471209164],"iteration":728,"passed_time":1.811961347,"remaining_time":0.6735823388},
{"learn":[3.470049971],"iteration":729,"passed_time":1.813611773,"remaining_time":0.6707879161},
{"learn":[3.469078654],"iteration":730,"passed_time":1.815897662,"remaining_time":0.6682304667},
{"learn":[3.468643292],"iteration":731,"passed_time":1.81766116,"remaining_time":0.6654825011},
{"learn":[3.468134848],"iteration":732,"passed_time":1.81997138,"remaining_time":0.6629363689},
{"learn":[3.467820182],"iteration":733,"passed_time":1.82363266,"remaining_time":0.6608805009},
{"learn":[3.465776156],"iteration":734,"passed_time":1.825796395,"remaining_time":0.658280333},
{"learn":[3.463037608],"iteration":735,"passed_time":1.828734282,"remaining_time":0.6559590358},
{"learn":[3.45965637],"iteration":736,"passed_time":1.83054168,"remaining_time":0.6532326483},
{"learn":[3.457275091],"iteration":737,"passed_time":1.833304581,"remaining_time":0.6508479678},
{"learn":[3.455522955],"iteration":738,"passed_time":1.836139661,"remaining_time":0.6484877558},
{"learn":[3.451270508],"iteration":739,"passed_time":1.838089283,"remaining_time":0.6458151534},
{"learn":[3.450978947],"iteration":740,"passed_time":1.840636398,"remaining_time":0.6433533429},
{"learn":[3.450608492],"iteration":741,"passed_time":1.842486838,"remaining_time":0.6406490621},
{"learn":[3.448122004],"iteration":742,"passed_time":1.844419164,"remaining_time":0.637975404},
{"learn":[3.445646714],"iteration":743,"passed_time":1.846380311,"remaining_time":0.6353136555},
{"learn":[3.44411263],"iteration":744,"passed_time":1.850353278,"remaining_time":0.6333423971},
{"learn":[3.443264164],"iteration":745,"passed_time":1.853643859,"remaining_time":0.6311334317},
{"learn":[3.439521363],"iteration":746,"passed_time":1.857130827,"remaining_time":0.6289880848},
{"learn":[3.436809225],"iteration":747,"passed_time":1.859615878,"remaining_time":0.6265016059},
{"learn":[3.435509465],"iteration":748,"passed_time":1.861578793,"remaining_time":0.6238401564},
{"learn":[3.434450277],"iteration":749,"passed_time":1.867341088,"remaining_time":0.6224470293},
{"learn":[3.431786753],"iteration":750,"passed_time":1.869534891,"remaining_time":0.619859105},
{"learn":[3.430150302],"iteration":751,"passed_time":1.871757444,"remaining_time":0.6172817102},
{"learn":[3.42696281],"iteration":752,"passed_time":1.873902992,"remaining_time":0.6146799988},
{"learn":[3.426870334],"iteration":753,"passed_time":1.87637044,"remaining_time":0.6121845201},
{"learn":[3.425200309],"iteration":754,"passed_time":1.879365391,"remaining_time":0.6098602924},
{"learn":[3.423383783],"iteration":755,"passed_time":1.881877568,"remaining_time":0.6073784745},
{"learn":[3.422752979],"iteration":756,"passed_time":1.885641289,"remaining_time":0.6052983266},
{"learn":[3.420845924],"iteration":757,"passed_time":1.888484281,"remaining_time":0.6029197838},
{"learn":[3.418917862],"iteration":758,"passed_time":1.890761418,"remaining_time":0.6003603447},
{"learn":[3.417095735],"iteration":759,"passed_time":1.896213435,"remaining_time":0.5988042425},
{"learn":[3.414391848],"iteration":760,"passed_time":1.898479048,"remaining_time":0.596237178},
{"learn":[3.41426711],"iteration":761,"passed_time":1.900253149,"remaining_time":0.5935173878},
{"learn":[3.411976013],"iteration":762,"passed_time":1.90276903,"remaining_time":0.591030485},
{"learn":[3.408614844],"iteration":763,"passed_time":1.904717901,"remaining_time":0.5883683569},
{"learn":[3.407906721],"iteration":764,"passed_time":1.90686036,"remaining_time":0.5857675617},
{"learn":[3.407494015],"iteration":765,"passed_time":1.911177129,"remaining_time":0.5838321778},
{"learn":[3.406287128],"iteration":766,"passed_time":1.9144294,"remaining_time":0.5815672101},
{"learn":[3.404600442],"iteration":767,"passed_time":1.916809367,"remaining_time":0.5790361629},
{"learn":[3.404012662],"iteration":768,"passed_time":1.920099572,"remaining_time":0.5767789352},
{"learn":[3.400398762],"iteration":769,"passed_time":1.923393227,"remaining_time":0.5745200548},
{"learn":[3.399737714],"iteration":770,"passed_time":1.925802689,"remaining_time":0.5719958701},
{"learn":[3.399185251],"iteration":771,"passed_time":1.927823392,"remaining_time":0.5693571677},
{"learn":[3.397245411],"iteration":772,"passed_time":1.930101831,"remaining_time":0.5667957511},
{"learn":[3.396229831],"iteration":773,"passed_time":1.932427967,"remaining_time":0.564248993},
{"learn":[3.394002836],"iteration":774,"passed_time":1.93454141,"remaining_time":0.5616410546},
{"learn":[3.389617243],"iteration":775,"passed_time":1.937649573,"remaining_time":0.5593215262},
{"learn":[3.385426488],"iteration":776,"passed_time":1.941162712,"remaining_time":0.5571161967},
{"learn":[3.385072258],"iteration":777,"passed_time":1.944213529,"remaining_time":0.5547755828},
{"learn":[3.383842366],"iteration":778,"passed_time":1.946306027,"remaining_time":0.5521612733},
{"learn":[3.380110746],"iteration":779,"passed_time":1.949452598,"remaining_time":0.5498456044},
{"learn":[3.378595218],"iteration":780,"passed_time":1.951806024,"remaining_time":0.5473054024},
{"learn":[3.377371219],"iteration":781,"passed_time":1.954323341,"remaining_time":0.5448113662},
{"learn":[3.375814782],"iteration":782,"passed_time":1.956632413,"remaining_time":0.5422595577},
{"learn":[3.374195887],"iteration":783,"passed_time":1.958645256,"remaining_time":0.5396267543},
{"learn":[3.373704309],"iteration":784,"passed_time":1.960547861,"remaining_time":0.5369653377},
{"learn":[3.372971757],"iteration":785,"passed_time":1.962386109,"remaining_time":0.5342883299},
{"learn":[3.371565136],"iteration":786,"passed_time":1.964344956,"remaining_time":0.5316460936},
{"learn":[3.3700309],"iteration":787,"passed_time":1.966036461,"remaining_time":0.528933667},
{"learn":[3.368186663],"iteration":788,"passed_time":1.968100069,"remaining_time":0.526323339},
{"learn":[3.366710398],"iteration":789,"passed_time":1.970289805,"remaining_time":0.523747923},
{"learn":[3.364598042],"iteration":790,"passed_time":1.973066892,"remaining_time":0.5213286731},
{"learn":[3.36348442],"iteration":791,"passed_time":1.975107679,"remaining_time":0.5187151481},
{"learn":[3.362001759],"iteration":792,"passed_time":1.978178255,"remaining_time":0.5163718774},
{"learn":[3.361580401],"iteration":793,"passed_time":1.980054348,"remaining_time":0.5137168712},
{"learn":[3.359543675],"iteration":794,"passed_time":1.981958486,"remaining_time":0.5110710562},
{"learn":[3.35766119],"iteration":795,"passed_time":1.984355074,"remaining_time":0.5085533105},
{"learn":[3.354592969],"iteration":796,"passed_time":1.986780793,"remaining_time":0.5060432886},
{"learn":[3.350985986],"iteration":797,"passed_time":1.988852718,"remaining_time":0.5034439212},
{"learn":[3.349589624],"iteration":798,"passed_time":1.990784395,"remaining_time":0.5008105926},
{"learn":[3.349110856],"iteration":799,"passed_time":1.992569083,"remaining_time":0.4981422709},
{"learn":[3.345315441],"iteration":800,"passed_time":1.994474143,"remaining_time":0.4955060605},
{"learn":[3.34397474],"iteration":801,"passed_time":1.99631949,"remaining_time":0.4928569314},
{"learn":[3.343800902],"iteration":802,"passed_time":1.998232999,"remaining_time":0.4902265264},
{"learn":[3.342329465],"iteration":803,"passed_time":2.000359817,"remaining_time":0.4876499056},
{"learn":[3.34220347],"iteration":804,"passed_time":2.003333927,"remaining_time":0.4852796468},
{"learn":[3.341279219],"iteration":805,"passed_time":2.007526203,"remaining_time":0.483201096},
{"learn":[3.337329521],"iteration":806,"passed_time":2.009563495,"remaining_time":0.4806019263},
{"learn":[3.336708453],"iteration":807,"passed_time":2.011489254,"remaining_time":0.4779776446},
{"learn":[3.333252703],"iteration":808,"passed_time":2.013385935,"remaining_time":0.4753482245},
{"learn":[3.332186769],"iteration":809,"passed_time":2.015560043,"remaining_time":0.4727856892},
{"learn":[3.330594851],"iteration":810,"passed_time":2.017240015,"remaining_time":0.4701089554},
{"learn":[3.327867442],"iteration":811,"passed_time":2.019475889,"remaining_time":0.4675633831},
{"learn":[3.327563111],"iteration":812,"passed_time":2.022061816,"remaining_time":0.4650990893},
{"learn":[3.326308994],"iteration":813,"passed_time":2.024370855,"remaining_time":0.4625712274},
{"learn":[3.326249879],"iteration":814,"passed_time":2.026292408,"remaining_time":0.4599559454},
{"learn":[3.322336238],"iteration":815,"passed_time":2.028672993,"remaining_time":0.4574458709},
{"learn":[3.320491154],"iteration":816,"passed_time":2.031452486,"remaining_time":0.4550254651},
{"learn":[3.320434271],"iteration":817,"passed_time":2.034064863,"remaining_time":0.4525669989},
{"learn":[3.319609638],"iteration":818,"passed_time":2.036785949,"remaining_time":0.4501321817},
{"learn":[3.316182682],"iteration":819,"passed_time":2.039205225,"remaining_time":0.4476304153},
{"learn":[3.313126612],"iteration":820,"passed_time":2.041349593,"remaining_time":0.4450689126},
{"learn":[3.311222803],"iteration":821,"passed_time":2.043507549,"remaining_time":0.442511367},
{"learn":[3.309627335],"iteration":822,"passed_time":2.045798811,"remaining_time":0.4399834624},
{"learn":[3.307974895],"iteration":823,"passed_time":2.047833816,"remaining_time":0.4374013977},
{"learn":[3.307321505],"iteration":824,"passed_time":2.049954211,"remaining_time":0.434838772},
{"learn":[3.306759087],"iteration":825,"passed_time":2.051639669,"remaining_time":0.4321855962},
{"learn":[3.30484037],"iteration":826,"passed_time":2.053541154,"remaining_time":0.4295799512},
{"learn":[3.30201994],"iteration":827,"passed_time":2.055711986,"remaining_time":0.4270319585},
{"learn":[3.299302297],"iteration":828,"passed_time":2.058117819,"remaining_time":0.4245333498},
{"learn":[3.298132671],"iteration":829,"passed_time":2.060340638,"remaining_time":0.42199748},
{"learn":[3.296976183],"iteration":830,"passed_time":2.063359823,"remaining_time":0.4196243201},
{"learn":[3.293144745],"iteration":831,"passed_time":2.066102826,"remaining_time":0.4171938399},
{"learn":[3.290284404],"iteration":832,"passed_time":2.068317639,"remaining_time":0.4146567175},
{"learn":[3.288285745],"iteration":833,"passed_time":2.070465864,"remaining_time":0.4121071144},
{"learn":[3.286662667],"iteration":834,"passed_time":2.072542188,"remaining_time":0.4095442646},
{"learn":[3.285692682],"iteration":835,"passed_time":2.075332239,"remaining_time":0.4071225923},
{"learn":[3.284565611],"iteration":836,"passed_time":2.077186758,"remaining_time":0.4045178513},
{"learn":[3.283897383],"iteration":837,"passed_time":2.07900382,"remaining_time":0.4019076597},
{"learn":[3.280712855],"iteration":838,"passed_time":2.08100964,"remaining_time":0.3993355804},
{"learn":[3.280468341],"iteration":839,"passed_time":2.082839842,"remaining_time":0.3967313984},
{"learn":[3.277814895],"iteration":840,"passed_time":2.085053006,"remaining_time":0.39420146},
{"learn":[3.276316385],"iteration":841,"passed_time":2.087168842,"remaining_time":0.3916540108},
{"learn":[3.27557063],"iteration":842,"passed_time":2.089946165,"remaining_time":0.3892307804},
{"learn":[3.27499628],"iteration":843,"passed_time":2.09214328,"remaining_time":0.3866994688},
{"learn":[3.273569958],"iteration":844,"passed_time":2.094398137,"remaining_time":0.3841795399},
{"learn":[3.269665595],"iteration":845,"passed_time":2.096323667,"remaining_time":0.3816002893},
{"learn":[3.267984685],"iteration":846,"passed_time":2.09822791,"remaining_time":0.3790187369},
{"learn":[3.267702508],"iteration":847,"passed_time":2.100307813,"remaining_time":0.3764702683},
{"learn":[3.266671924],"iteration":848,"passed_time":2.102931708,"remaining_time":0.374019656},
{"learn":[3.265359825],"iteration":849,"passed_time":2.105084792,"remaining_time":0.3714855516},
{"learn":[3.2618983],"iteration":850,"passed_time":2.10705823,"remaining_time":0.3689208886},
{"learn":[3.260456253],"iteration":851,"passed_time":2.108876914,"remaining_time":0.3663307315},
{"learn":[3.258389147],"iteration":852,"passed_time":2.111002974,"remaining_time":0.3637953543},
{"learn":[3.258108469],"iteration":853,"passed_time":2.112709561,"remaining_time":0.3611892224},
{"learn":[3.256424936],"iteration":854,"passed_time":2.114868498,"remaining_time":0.358661909},
{"learn":[3.254817983],"iteration":855,"passed_time":2.117474716,"remaining_time":0.3562106999},
{"learn":[3.253898449],"iteration":856,"passed_time":2.120002812,"remaining_time":0.3537460934},
{"learn":[3.253023652],"iteration":857,"passed_time":2.122472778,"remaining_time":0.3512717185},
{"learn":[3.252845542],"iteration":858,"passed_time":2.125929118,"remaining_time":0.3489592615},
{"learn":[3.252316026],"iteration":859,"passed_time":2.128019637,"remaining_time":0.3464218014},
{"learn":[3.24975301],"iteration":860,"passed_time":2.130025825,"remaining_time":0.343871765},
{"learn":[3.249151075],"iteration":861,"passed_time":2.132265708,"remaining_time":0.3413604034},
{"learn":[3.246257135],"iteration":862,"passed_time":2.134825196,"remaining_time":0.3389004078},
{"learn":[3.243826471],"iteration":863,"passed_time":2.136837717,"remaining_time":0.3363540851},
{"learn":[3.243190653],"iteration":864,"passed_time":2.138547812,"remaining_time":0.3337617972},
{"learn":[3.24008797],"iteration":865,"passed_time":2.140534011,"remaining_time":0.3312142695},
{"learn":[3.240036811],"iteration":866,"passed_time":2.142317902,"remaining_time":0.3286370023},
{"learn":[3.238676314],"iteration":867,"passed_time":2.145018797,"remaining_time":0.3262010153},
{"learn":[3.237848782],"iteration":868,"passed_time":2.14817371,"remaining_time":0.3238328608},
{"learn":[3.236405498],"iteration":869,"passed_time":2.15090492,"remaining_time":0.3213995857},
{"learn":[3.233378068],"iteration":870,"passed_time":2.15379749,"remaining_time":0.318989525},
{"learn":[3.233169169],"iteration":871,"passed_time":2.156202432,"remaining_time":0.3165067791},
{"learn":[3.232434885],"iteration":872,"passed_time":2.15841676,"remaining_time":0.3139964817},
{"learn":[3.229978115],"iteration":873,"passed_time":2.160429847,"remaining_time":0.3114578498},
{"learn":[3.229648848],"iteration":874,"passed_time":2.163126808,"remaining_time":0.3090181155},
{"learn":[3.227208761],"iteration":875,"passed_time":2.164786795,"remaining_time":0.3064310075},
{"learn":[3.226258869],"iteration":876,"passed_time":2.166541669,"remaining_time":0.3038593219},
{"learn":[3.225331995],"iteration":877,"passed_time":2.169078601,"remaining_time":0.3013981655},
{"learn":[3.221968268],"iteration":878,"passed_time":2.171719975,"remaining_time":0.2989512139},
{"learn":[3.221166317],"iteration":879,"passed_time":2.17410732,"remaining_time":0.29646918},
{"learn":[3.220047503],"iteration":880,"passed_time":2.175869713,"remaining_time":0.2939029464},
{"learn":[3.21982781],"iteration":881,"passed_time":2.177615921,"remaining_time":0.2913363704},
{"learn":[3.216693405],"iteration":882,"passed_time":2.180026055,"remaining_time":0.2888596246},
{"learn":[3.214798761],"iteration":883,"passed_time":2.181973659,"remaining_time":0.2863223354},
{"learn":[3.214395085],"iteration":884,"passed_time":2.18423585,"remaining_time":0.2838272574},
{"learn":[3.213470696],"iteration":885,"passed_time":2.185868922,"remaining_time":0.2812517574},
{"learn":[3.211595017],"iteration":886,"passed_time":2.187964689,"remaining_time":0.2787373279},
{"learn":[3.210965255],"iteration":887,"passed_time":2.189927271,"remaining_time":0.2762070432},
{"learn":[3.209413583],"iteration":888,"passed_time":2.191834972,"remaining_time":0.2736711833},
{"learn":[3.208331683],"iteration":889,"passed_time":2.193742272,"remaining_time":0.2711366852},
{"learn":[3.207110711],"iteration":890,"passed_time":2.195671366,"remaining_time":0.2686062613},
{"learn":[3.204519413],"iteration":891,"passed_time":2.197593467,"remaining_time":0.266076339},
{"learn":[3.201421296],"iteration":892,"passed_time":2.199576914,"remaining_time":0.2635551285},
{"learn":[3.200691259],"iteration":893,"passed_time":2.201376167,"remaining_time":0.2610132815},
{"learn":[3.200485067],"iteration":894,"passed_time":2.203373083,"remaining_time":0.2584962835},
{"learn":[3.197467568],"iteration":895,"passed_time":2.205317307,"remaining_time":0.2559743303},
{"learn":[3.195838544],"iteration":896,"passed_time":2.206853609,"remaining_time":0.2534068247},
{"learn":[3.195671746],"iteration":897,"passed_time":2.209343364,"remaining_time":0.2509499144},
{"learn":[3.194213094],"iteration":898,"passed_time":2.211110403,"remaining_time":0.248411736},
{"learn":[3.192884691],"iteration":899,"passed_time":2.213429342,"remaining_time":0.2459365935},
{"learn":[3.188364239],"iteration":900,"passed_time":2.215303545,"remaining_time":0.2434129311},
{"learn":[3.185219478],"iteration":901,"passed_time":2.217176154,"remaining_time":0.2408905356},
{"learn":[3.184120387],"iteration":902,"passed_time":2.219424597,"remaining_time":0.2384099512},
{"learn":[3.183725321],"iteration":903,"passed_time":2.221611575,"remaining_time":0.2359233531},
{"learn":[3.181264554],"iteration":904,"passed_time":2.223881807,"remaining_time":0.2334461565},
{"learn":[3.180741589],"iteration":905,"passed_time":2.226191973,"remaining_time":0.2309735602},
{"learn":[3.179782639],"iteration":906,"passed_time":2.228166593,"remaining_time":0.2284669163},
{"learn":[3.176377564],"iteration":907,"passed_time":2.230009493,"remaining_time":0.2259480984},
{"learn":[3.174078182],"iteration":908,"passed_time":2.231853531,"remaining_time":0.2234308815},
{"learn":[3.171242379],"iteration":909,"passed_time":2.234075121,"remaining_time":0.2209524845},
{"learn":[3.170421012],"iteration":910,"passed_time":2.23679545,"remaining_time":0.2185233754},
{"learn":[3.170087224],"iteration":911,"passed_time":2.238996312,"remaining_time":0.2160435038},
{"learn":[3.167303059],"iteration":912,"passed_time":2.241446274,"remaining_time":0.2135879801},
{"learn":[3.16705966],"iteration":913,"passed_time":2.244715545,"remaining_time":0.211209559},
{"learn":[3.165667683],"iteration":914,"passed_time":2.246827961,"remaining_time":0.2087217232},
{"learn":[3.164689733],"iteration":915,"passed_time":2.249036577,"remaining_time":0.2062435289},
{"learn":[3.163311455],"iteration":916,"passed_time":2.252272679,"remaining_time":0.203858923},
{"learn":[3.159425016],"iteration":917,"passed_time":2.254395535,"remaining_time":0.2013730217},
{"learn":[3.159327058],"iteration":918,"passed_time":2.256235435,"remaining_time":0.1988629709},
{"learn":[3.15819426],"iteration":919,"passed_time":2.258054629,"remaining_time":0.1963525764},
{"learn":[3.157086603],"iteration":920,"passed_time":2.259939726,"remaining_time":0.1938493359},
{"learn":[3.153354154],"iteration":921,"passed_time":2.262152936,"remaining_time":0.1913751941},
{"learn":[3.153261317],"iteration":922,"passed_time":2.263903425,"remaining_time":0.188863016},
{"learn":[3.153168454],"iteration":923,"passed_time":2.26567383,"remaining_time":0.1863541246},
{"learn":[3.152080399],"iteration":924,"passed_time":2.26741505,"remaining_time":0.1838444635},
{"learn":[3.151635144],"iteration":925,"passed_time":2.269996208,"remaining_time":0.1814035846},
{"learn":[3.147762655],"iteration":926,"passed_time":2.272391959,"remaining_time":0.1789478026},
{"learn":[3.147172317],"iteration":927,"passed_time":2.274254171,"remaining_time":0.1764507547},
{"learn":[3.146254125],"iteration":928,"passed_time":2.276130697,"remaining_time":0.1739561674},
{"learn":[3.144869828],"iteration":929,"passed_time":2.278440787,"remaining_time":0.1714955431},
{"learn":[3.143466218],"iteration":930,"passed_time":2.28098822,"remaining_time":0.1690528326},
{"learn":[3.141919643],"iteration":931,"passed_time":2.282838546,"remaining_time":0.1665590356},
{"learn":[3.141054135],"iteration":932,"passed_time":2.284917393,"remaining_time":0.1640830282},
{"learn":[3.139390417],"iteration":933,"passed_time":2.287219192,"remaining_time":0.161623626},
{"learn":[3.139025283],"iteration":934,"passed_time":2.289308033,"remaining_time":0.1591497563},
{"learn":[3.137824183],"iteration":935,"passed_time":2.291400029,"remaining_time":0.156676925},
{"learn":[3.135620453],"iteration":936,"passed_time":2.293715932,"remaining_time":0.1542199613},
{"learn":[3.13443178],"iteration":937,"passed_time":2.295775243,"remaining_time":0.1517463381},
{"learn":[3.132765713],"iteration":938,"passed_time":2.298045689,"remaining_time":0.1492873131},
{"learn":[3.131434124],"iteration":939,"passed_time":2.300107109,"remaining_time":0.1468153474},
{"learn":[3.128384262],"iteration":940,"passed_time":2.301742245,"remaining_time":0.1443175265},
{"learn":[3.128120455],"iteration":941,"passed_time":2.303865696,"remaining_time":0.1418516033},
{"learn":[3.126314615],"iteration":942,"passed_time":2.306128087,"remaining_time":0.1393948048},
{"learn":[3.125409666],"iteration":943,"passed_time":2.308188747,"remaining_time":0.1369264511},
{"learn":[3.123072589],"iteration":944,"passed_time":2.310776032,"remaining_time":0.1344896103},
{"learn":[3.122921099],"iteration":945,"passed_time":2.312838445,"remaining_time":0.1320224905},
{"learn":[3.122182662],"iteration":946,"passed_time":2.314848114,"remaining_time":0.1295532736},
{"learn":[3.120040951],"iteration":947,"passed_time":2.316713287,"remaining_time":0.1270771001},
{"learn":[3.118767799],"iteration":948,"passed_time":2.318600131,"remaining_time":0.124603379},
{"learn":[3.118203218],"iteration":949,"passed_time":2.320956564,"remaining_time":0.1221556086},
{"learn":[3.116343362],"iteration":950,"passed_time":2.323543283,"remaining_time":0.1197198957},
{"learn":[3.11480829],"iteration":951,"passed_time":2.326015696,"remaining_time":0.1172781023},
{"learn":[3.112607903],"iteration":952,"passed_time":2.328484782,"remaining_time":0.1148360805},
{"learn":[3.111661241],"iteration":953,"passed_time":2.33120199,"remaining_time":0.112405966},
{"learn":[3.110249676],"iteration":954,"passed_time":2.333096722,"remaining_time":0.1099364948},
{"learn":[3.107333579],"iteration":955,"passed_time":2.335535968,"remaining_time":0.1074932872},
{"learn":[3.107149851],"iteration":956,"passed_time":2.337467711,"remaining_time":0.1050272848},
{"learn":[3.106867336],"iteration":957,"passed_time":2.339967912,"remaining_time":0.1025873198},
{"learn":[3.10364681],"iteration":958,"passed_time":2.341857251,"remaining_time":0.1001211129},
{"learn":[3.102703811],"iteration":959,"passed_time":2.343754377,"remaining_time":0.09765643236},
{"learn":[3.101469264],"iteration":960,"passed_time":2.345647758,"remaining_time":0.09519278101},
{"learn":[3.09863569],"iteration":961,"passed_time":2.347789512,"remaining_time":0.09274012624},
{"learn":[3.09645939],"iteration":962,"passed_time":2.350126301,"remaining_time":0.09029561073},
{"learn":[3.096240186],"iteration":963,"passed_time":2.352357079,"remaining_time":0.08784735981},
{"learn":[3.094838828],"iteration":964,"passed_time":2.355353142,"remaining_time":0.08542731604},
{"learn":[3.094176802],"iteration":965,"passed_time":2.358151007,"remaining_time":0.08299910375},
{"learn":[3.093182279],"iteration":966,"passed_time":2.36078454,"remaining_time":0.08056451894},
{"learn":[3.090150687],"iteration":967,"passed_time":2.362421104,"remaining_time":0.07809656542},
{"learn":[3.088612829],"iteration":968,"passed_time":2.364060078,"remaining_time":0.07563040497},
{"learn":[3.087153684],"iteration":969,"passed_time":2.366723928,"remaining_time":0.07319764726},
{"learn":[3.085866843],"iteration":970,"passed_time":2.368608268,"remaining_time":0.07074113261},
{"learn":[3.082669094],"iteration":971,"passed_time":2.370369724,"remaining_time":0.06828225543},
{"learn":[3.081047548],"iteration":972,"passed_time":2.371932716,"remaining_time":0.06581930454},
{"learn":[3.079684322],"iteration":973,"passed_time":2.373386002,"remaining_time":0.06335527315},
{"learn":[3.07613431],"iteration":974,"passed_time":2.375061591,"remaining_time":0.06089901515},
{"learn":[3.074005935],"iteration":975,"passed_time":2.376527124,"remaining_time":0.05843919158},
{"learn":[3.072988853],"iteration":976,"passed_time":2.378600792,"remaining_time":0.05599571977},
{"learn":[3.072344268],"iteration":977,"passed_time":2.38074127,"remaining_time":0.05355450709},
{"learn":[3.070654438],"iteration":978,"passed_time":2.382846425,"remaining_time":0.0511131511},
{"learn":[3.069724506],"iteration":979,"passed_time":2.384445375,"remaining_time":0.04866215052},
{"learn":[3.067763166],"iteration":980,"passed_time":2.386708337,"remaining_time":0.04622574762},
{"learn":[3.066737893],"iteration":981,"passed_time":2.389119581,"remaining_time":0.04379241595},
{"learn":[3.065248174],"iteration":982,"passed_time":2.39109331,"remaining_time":0.04135156284},
{"learn":[3.063186837],"iteration":983,"passed_time":2.392572476,"remaining_time":0.0389036175},
{"learn":[3.062880371],"iteration":984,"passed_time":2.39448718,"remaining_time":0.03646427177},
{"learn":[3.061288645],"iteration":985,"passed_time":2.396477063,"remaining_time":0.03402705769},
{"learn":[3.059970575],"iteration":986,"passed_time":2.398221604,"remaining_time":0.0315875186},
{"learn":[3.059576341],"iteration":987,"passed_time":2.399742487,"remaining_time":0.02914666989},
{"learn":[3.058175919],"iteration":988,"passed_time":2.401742075,"remaining_time":0.02671300589},
{"learn":[3.056830702],"iteration":989,"passed_time":2.403895196,"remaining_time":0.02428176966},
{"learn":[3.056336579],"iteration":990,"passed_time":2.405604235,"remaining_time":0.02184706167},
{"learn":[3.055810414],"iteration":991,"passed_time":2.40752313,"remaining_time":0.01941550912},
{"learn":[3.055476518],"iteration":992,"passed_time":2.409498125,"remaining_time":0.01698538456},
{"learn":[3.053331734],"iteration":993,"passed_time":2.411765089,"remaining_time":0.01455793816},
{"learn":[3.050890374],"iteration":994,"passed_time":2.413560996,"remaining_time":0.01212844722},
{"learn":[3.04972623],"iteration":995,"passed_time":2.416228722,"remaining_time":0.009703729808},
{"learn":[3.047217327],"iteration":996,"passed_time":2.418527469,"remaining_time":0.007277414652},
{"learn":[3.047155483],"iteration":997,"passed_time":2.420627805,"remaining_time":0.004850957525},
{"learn":[3.04430671],"iteration":998,"passed_time":2.422579372,"remaining_time":0.002425004377},
{"learn":[3.042664195],"iteration":999,"passed_time":2.424587185,"remaining_time":0}
]}